City,Country,Latitude,Longitude,Time,Day/Night,Temperature,Feels Like,Humidity,Pressure,Condition,Cloud Cover,Visibility_km,Wind Speed Km/H,Wind Degree,Wind Direction,Precipitation_mm,Will_it_rain,UV Index
Tirur,India,10.9,75.9167,2026-04-05 13:38,Day,31.8,36.2,58,1009.0,Sunny,7,10.0,19.1,293,WNW,0.0,0,11.3
Tirur,India,10.9,75.9167,2026-04-05 15:11,Day,31.3,35.4,58,1008.0,Sunny,5,10.0,19.8,294,WNW,0.0,0,5.0
Tirur,India,10.9,75.9167,2026-04-05 16:08,Day,30.6,34.6,62,1008.0,Sunny,5,10.0,20.2,292,WNW,0.0,0,2.1
Tirur,India,10.9,75.9167,2026-04-05 17:02,Day,29.8,33.6,65,1008.0,Sunny,6,10.0,18.0,296,WNW,0.0,0,0.5
Tirur,India,10.9,75.9167,2026-04-05 18:33,Day,28.8,32.2,69,1009.0,Sunny,7,10.0,16.6,298,WNW,0.0,0,0.0
Tirur,India,10.9,75.9167,2026-04-05 20:07,Night,28.5,32.3,73,1011.0,Partly Cloudy,55,10.0,12.2,316,NW,0.0,0,0.0
Tirur,India,10.9,75.9167,2026-04-05 21:05,Night,28.4,32.2,74,1011.0,Patchy rain nearby,57,10.0,11.9,317,NW,0.01,1,0.0
Tirur,India,10.9,75.9167,2026-04-05 22:10,Night,28.3,32.2,74,1011.0,Partly Cloudy,35,10.0,13.3,309,NW,0.0,0,0.0
Tirur,India,10.9,75.9167,2026-04-05 23:05,Night,28.2,32.0,75,1011.0,Partly Cloudy,51,10.0,13.3,306,NW,0.0,0,0.0
Tirur,India,10.9,75.9167,2026-04-06 00:20,Night,27.9,31.5,77,1010.0,Thundery outbreaks in nearby,83,9.0,13.3,314,NW,0.07,1,0.0
Tirur,India,10.9,75.9167,2026-04-06 01:05,Night,27.9,31.5,77,1010.0,Thundery outbreaks in nearby,83,9.0,13.3,314,NW,0.07,1,0.0
Tirur,India,10.9,75.9167,2026-04-06 02:07,Night,27.4,30.9,78,1010.0,Thundery outbreaks in nearby,93,9.0,11.2,318,NW,0.05,1,0.0
Tirur,India,10.9,75.9167,2026-04-06 03:06,Night,27.2,30.6,79,1009.0,Patchy rain nearby,72,10.0,11.5,322,NW,0.06,1,0.0
Tirur,India,10.9,75.9167,2026-04-06 04:05,Night,27.1,30.5,80,1010.0,Patchy rain nearby,89,10.0,10.4,332,NNW,0.1,1,0.0
Tirur,India,10.9,75.9167,2026-04-06 05:06,Night,26.9,30.3,82,1010.0,Patchy rain nearby,73,10.0,9.4,338,NNW,0.05,1,0.0
Tirur,India,10.9,75.9167,2026-04-06 08:15,Day,28.8,32.7,72,1012.0,Patchy rain nearby,78,10.0,11.2,337,NNW,0.02,1,2.2
Tirur,India,10.9,75.9167,2026-04-06 10:57,Day,31.1,35.5,61,1013.0,Patchy rain nearby,77,10.0,15.1,308,NW,0.02,1,8.2
Tirur,India,10.9,75.9167,2026-04-06 13:18,Day,31.7,35.9,58,1010.0,Sunny,22,10.0,19.4,295,WNW,0.0,0,11.4
Tirur,India,10.9,75.9167,2026-04-06 14:42,Day,31.5,35.7,58,1010.0,Sunny,15,10.0,20.9,297,WNW,0.0,0,8.5
Tirur,India,10.9,75.9167,2026-04-06 16:29,Day,30.4,34.1,62,1009.0,Sunny,15,10.0,20.9,296,WNW,0.0,0,2.1
Tirur,India,10.9,75.9167,2026-04-06 17:25,Day,29.7,33.4,64,1010.0,Sunny,12,10.0,19.1,296,WNW,0.0,0,0.5
Tirur,India,10.9,75.9167,2026-04-06 18:49,Night,28.7,32.0,68,1011.0,Sunny,16,10.0,16.9,299,WNW,0.0,0,0.0
Tirur,India,10.9,75.9167,2026-04-06 20:22,Night,28.0,31.0,71,1012.0,Clear,19,10.0,16.2,307,NW,0.0,0,0.0
Tirur,India,10.9,75.9167,2026-04-06 21:21,Night,27.8,30.8,72,1012.0,Partly Cloudy,28,10.0,15.8,311,NW,0.0,0,0.0
Tirur,India,10.9,75.9167,2026-04-06 22:23,Night,27.5,30.4,73,1013.0,Partly Cloudy,29,10.0,14.4,313,NW,0.0,0,0.0
Tirur,India,10.9,75.9167,2026-04-06 23:19,Night,27.3,30.1,74,1013.0,Clear,22,10.0,13.3,314,NW,0.0,0,0.0
Tirur,India,10.9,75.9167,2026-04-07 00:35,Night,26.6,29.1,76,1011.0,Clear,18,10.0,11.9,321,NW,0.0,0,0.0
Tirur,India,10.9,75.9167,2026-04-07 02:10,Night,26.2,28.5,77,1011.0,Clear,22,10.0,10.4,328,NNW,0.0,0,0.0
Tirur,India,10.9,75.9167,2026-04-07 03:09,Night,26.0,28.3,77,1010.0,Clear,11,10.0,11.9,331,NNW,0.0,0,0.0
Tirur,India,10.9,75.9167,2026-04-07 04:09,Night,25.7,28.0,78,1011.0,Clear,9,10.0,11.5,334,NNW,0.0,0,0.0
Tirur,India,10.9,75.9167,2026-04-07 05:10,Night,25.4,27.6,79,1011.0,Clear,10,10.0,11.9,335,NNW,0.0,0,0.0
Tirur,India,10.9,75.9167,2026-04-07 08:09,Day,28.2,30.8,66,1013.0,Sunny,6,10.0,14.8,324,NW,0.0,0,2.5
Tirur,India,10.9,75.9167,2026-04-07 10:41,Day,30.5,33.2,55,1013.0,Sunny,0,10.0,16.6,305,NW,0.0,0,9.2
Tirur,India,10.9,75.9167,2026-04-07 12:52,Day,31.0,34.0,55,1012.0,Sunny,3,10.0,18.7,298,WNW,0.0,0,13.1
Tirur,India,10.9,75.9167,2026-04-07 14:36,Day,30.9,33.8,55,1009.0,Sunny,0,10.0,20.9,295,WNW,0.0,0,8.9
Tirur,India,10.9,75.9167,2026-04-07 16:28,Day,29.9,32.7,58,1008.0,Sunny,0,10.0,20.2,297,WNW,0.0,0,2.2
Tirur,India,10.9,75.9167,2026-04-07 17:29,Day,29.0,31.8,63,1009.0,Sunny,2,10.0,18.7,300,WNW,0.0,0,0.5
Tirur,India,10.9,75.9167,2026-04-07 19:25,Night,27.5,30.0,70,1010.0,Clear,5,10.0,16.9,308,NW,0.0,0,0.0
Tirur,India,10.9,75.9167,2026-04-07 20:42,Night,27.3,29.7,70,1011.0,Clear,0,10.0,18.7,314,NW,0.0,0,0.0
Tirur,India,10.9,75.9167,2026-04-07 22:33,Night,26.9,29.2,72,1012.0,Clear,6,10.0,15.8,317,NW,0.0,0,0.0
Tirur,India,10.9,75.9167,2026-04-08 00:38,Night,25.4,27.4,77,1010.0,Clear,6,10.0,10.4,323,NW,0.0,0,0.0
Tirur,India,10.9,75.9167,2026-04-08 02:22,Night,25.1,27.0,78,1010.0,Clear,3,10.0,9.7,324,NW,0.0,0,0.0
Tirur,India,10.9,75.9167,2026-04-08 03:14,Night,24.7,26.7,79,1009.0,Clear,6,10.0,9.0,334,NNW,0.0,0,0.0
Tirur,India,10.9,75.9167,2026-04-08 04:09,Night,24.4,26.4,81,1010.0,Clear,12,10.0,8.3,345,NNW,0.0,0,0.0
Tirur,India,10.9,75.9167,2026-04-08 05:09,Night,24.1,26.1,82,1010.0,Clear,13,10.0,7.6,357,N,0.0,0,0.0
Tirur,India,10.9,75.9167,2026-04-08 08:10,Day,27.6,29.8,67,1012.0,Sunny,7,10.0,9.4,324,NW,0.0,0,2.5
Tirur,India,10.9,75.9167,2026-04-08 10:43,Day,30.4,33.2,57,1012.0,Sunny,0,10.0,12.6,298,WNW,0.0,0,9.1
Tirur,India,10.9,75.9167,2026-04-08 12:55,Day,31.2,34.0,53,1011.0,Sunny,3,10.0,13.3,278,W,0.0,0,12.9
Tirur,India,10.9,75.9167,2026-04-08 14:35,Day,31.1,33.9,54,1009.0,Sunny,2,10.0,15.1,276,W,0.0,0,8.8
Tirur,India,10.9,75.9167,2026-04-08 16:30,Day,30.1,32.8,57,1008.0,Sunny,3,10.0,15.5,275,W,0.0,0,2.2
Tirur,India,10.9,75.9167,2026-04-08 18:54,Night,28.1,30.7,67,1010.0,Sunny,4,10.0,12.6,287,WNW,0.0,0,0.0
Tirur,India,10.9,75.9167,2026-04-08 20:43,Night,27.3,30.3,75,1010.0,Clear,22,10.0,13.0,315,NW,0.0,0,0.0
Tirur,India,10.9,75.9167,2026-04-08 22:37,Night,27.0,30.0,78,1012.0,Partly Cloudy,36,10.0,11.2,320,NW,0.0,0,0.0
Tirur,India,10.9,75.9167,2026-04-09 00:50,Night,26.3,29.2,81,1010.0,Cloudy,69,10.0,6.8,334,NNW,0.0,0,0.0
Tirur,India,10.9,75.9167,2026-04-09 02:18,Night,26.0,28.9,84,1010.0,Patchy rain nearby,68,10.0,5.4,340,NNW,0.01,1,0.0
Tirur,India,10.9,75.9167,2026-04-09 03:13,Night,25.9,28.8,84,1010.0,Patchy rain nearby,84,10.0,4.3,344,NNW,0.02,1,0.0
Tirur,India,10.9,75.9167,2026-04-09 04:11,Night,26.1,29.0,83,1010.0,Patchy rain nearby,76,10.0,4.7,345,NNW,0.03,1,0.0
Tirur,India,10.9,75.9167,2026-04-09 05:10,Night,26.1,28.9,83,1011.0,Patchy rain nearby,71,10.0,4.3,10,N,0.03,1,0.0
Tirur,India,10.9,75.9167,2026-04-09 08:05,Day,28.5,32.0,71,1013.0,Patchy rain nearby,85,10.0,5.0,10,N,0.02,1,1.7
Tirur,India,10.9,75.9167,2026-04-09 10:41,Day,31.1,35.2,60,1013.0,Patchy rain nearby,79,10.0,7.9,273,W,0.01,1,7.5
Tirur,India,10.9,75.9167,2026-04-09 12:57,Day,32.5,36.5,53,1011.0,Sunny,3,10.0,14.8,270,W,0.0,0,12.3
Tirur,India,10.9,75.9167,2026-04-09 14:41,Day,32.1,36.2,55,1009.0,Sunny,6,10.0,15.5,267,W,0.0,0,8.4
Tirur,India,10.9,75.9167,2026-04-09 16:32,Day,31.0,34.9,59,1008.0,Sunny,12,10.0,16.2,276,W,0.0,0,2.0
Tirur,India,10.9,75.9167,2026-04-09 19:17,Night,28.5,32.0,71,1011.0,Clear,10,10.0,12.2,311,NW,0.0,0,0.0
Tirur,India,10.9,75.9167,2026-04-09 20:54,Night,28.2,32.5,79,1011.0,Clear,22,10.0,13.7,316,NW,0.0,0,0.0
Tirur,India,10.9,75.9167,2026-04-09 22:40,Night,27.7,31.6,80,1012.0,Clear,19,10.0,12.2,328,NNW,0.0,0,0.0
Tirur,India,10.9,75.9167,2026-04-10 00:42,Night,27.2,30.6,80,1011.0,Partly Cloudy,26,10.0,12.2,331,NNW,0.0,0,0.0
Tirur,India,10.9,75.9167,2026-04-10 02:24,Night,26.7,30.0,81,1010.0,Partly Cloudy,28,10.0,11.2,333,NNW,0.0,0,0.0
Tirur,India,10.9,75.9167,2026-04-10 03:17,Night,26.5,29.6,82,1010.0,Partly Cloudy,28,10.0,8.6,342,NNW,0.0,0,0.0
Tirur,India,10.9,75.9167,2026-04-10 04:13,Night,26.3,29.4,83,1010.0,Partly Cloudy,26,10.0,8.3,341,NNW,0.0,0,0.0
Tirur,India,10.9,75.9167,2026-04-10 05:08,Night,26.2,29.2,83,1010.0,Partly Cloudy,25,10.0,8.3,343,NNW,0.0,0,0.0
Tirur,India,10.9,75.9167,2026-04-10 08:16,Day,28.9,32.8,71,1013.0,Partly Cloudy,28,10.0,5.4,330,NNW,0.0,0,2.0
Tirur,India,10.9,75.9167,2026-04-10 10:57,Day,32.4,37.4,57,1012.0,Sunny,13,10.0,5.0,266,W,0.0,0,8.0
Tirur,India,10.9,75.9167,2026-04-10 13:16,Day,32.4,37.4,57,1010.0,Sunny,9,10.0,16.9,272,W,0.0,0,10.7
Tirur,India,10.9,75.9167,2026-04-10 14:43,Day,32.0,36.9,59,1009.0,Sunny,15,10.0,17.6,267,W,0.0,0,8.1
Tirur,India,10.9,75.9167,2026-04-10 16:27,Day,30.4,34.9,65,1008.0,Sunny,16,10.0,19.8,282,WNW,0.0,0,1.9
Tirur,India,10.9,75.9167,2026-04-10 17:25,Day,29.8,34.1,68,1009.0,Partly Cloudy,36,10.0,15.1,285,WNW,0.0,0,0.4
Tirur,India,10.9,75.9167,2026-04-10 18:49,Night,28.9,33.1,73,1010.0,Partly Cloudy,36,10.0,13.3,285,WNW,0.0,0,0.0
Tirur,India,10.9,75.9167,2026-04-10 20:21,Night,27.5,32.0,85,1012.0,Patchy rain nearby,66,10.0,6.8,288,WNW,0.08,1,0.0
Tirur,India,10.9,75.9167,2026-04-10 21:26,Night,27.4,31.7,85,1013.0,Patchy light drizzle,51,5.0,4.3,296,WNW,0.74,1,0.0
Tirur,India,10.9,75.9167,2026-04-10 22:27,Night,27.5,31.7,83,1013.0,Patchy rain nearby,71,10.0,6.5,282,WNW,0.01,1,0.0
Tirur,India,10.9,75.9167,2026-04-10 23:24,Night,27.4,31.7,84,1013.0,Patchy rain nearby,71,10.0,5.8,301,WNW,0.04,1,0.0
Tirur,India,10.9,75.9167,2026-04-11 00:28,Night,26.8,30.7,86,1011.0,Patchy rain nearby,80,9.0,4.3,319,NW,0.62,1,0.0
Tirur,India,10.9,75.9167,2026-04-11 01:19,Night,26.8,30.7,86,1011.0,Patchy rain nearby,80,9.0,4.3,319,NW,0.62,1,0.0
Tirur,India,10.9,75.9167,2026-04-11 02:10,Night,26.8,30.6,85,1010.0,Patchy rain nearby,75,10.0,3.6,276,W,0.01,1,0.0
Tirur,India,10.9,75.9167,2026-04-11 03:11,Night,26.5,30.2,88,1010.0,Patchy rain nearby,89,9.0,4.3,328,NNW,0.39,1,0.0
Tirur,India,10.9,75.9167,2026-04-11 04:11,Night,26.2,29.6,88,1010.0,Patchy rain nearby,81,9.0,3.6,10,N,0.76,1,0.0
Tirur,India,10.9,75.9167,2026-04-11 05:08,Night,26.1,29.5,88,1011.0,Patchy rain nearby,83,9.0,3.6,30,NNE,0.18,1,0.0
Tirur,India,10.9,75.9167,2026-04-11 08:01,Day,28.6,32.7,75,1013.0,Partly Cloudy,34,10.0,3.6,321,NW,0.0,0,1.8
Tirur,India,10.9,75.9167,2026-04-11 10:27,Day,31.0,36.1,65,1012.0,Sunny,23,10.0,8.6,313,NW,0.0,0,7.6
Tirur,India,10.9,75.9167,2026-04-11 11:35,Day,32.0,37.3,61,1012.0,Sunny,7,10.0,10.4,295,WNW,0.0,0,10.8
Tirur,India,10.9,75.9167,2026-04-11 13:22,Day,30.9,36.3,66,1010.0,Partly Cloudy,28,10.0,14.8,262,W,0.0,0,10.6
Tirur,India,10.9,75.9167,2026-04-11 14:20,Day,30.4,35.6,69,1009.0,Sunny,21,10.0,15.8,266,W,0.0,0,6.3
Tirur,India,10.9,75.9167,2026-04-11 15:13,Day,30.4,35.8,69,1009.0,Sunny,23,10.0,16.9,269,W,0.0,0,2.4
Tirur,India,10.9,75.9167,2026-04-11 16:07,Day,30.0,35.1,70,1009.0,Sunny,24,10.0,15.5,279,W,0.0,0,0.9
Tirur,India,10.9,75.9167,2026-04-11 17:03,Day,29.5,34.5,74,1009.0,Cloudy,72,10.0,14.4,289,WNW,0.0,0,0.3
Tirur,India,10.9,75.9167,2026-04-11 18:34,Day,28.9,33.9,77,1010.0,Patchy rain nearby,57,10.0,12.2,300,WNW,0.01,1,0.0
Tirur,India,10.9,75.9167,2026-04-11 20:07,Night,28.4,33.4,81,1010.0,Clear,23,10.0,10.8,303,WNW,0.0,0,0.0
Tirur,India,10.9,75.9167,2026-04-11 21:06,Night,28.2,33.3,82,1011.0,Clear,14,10.0,9.7,313,NW,0.0,0,0.0
Tirur,India,10.9,75.9167,2026-04-11 22:10,Night,28.0,32.9,83,1011.0,Clear,19,10.0,10.4,326,NW,0.0,0,0.0
Tirur,India,10.9,75.9167,2026-04-11 23:05,Night,27.8,32.3,83,1011.0,Clear,19,10.0,8.3,325,NW,0.0,0,0.0
Tirur,India,10.9,75.9167,2026-04-12 00:20,Night,27.2,31.3,84,1009.0,Partly Cloudy,28,10.0,6.1,329,NNW,0.0,0,0.0
Tirur,India,10.9,75.9167,2026-04-12 01:07,Night,27.2,31.3,84,1009.0,Partly Cloudy,28,10.0,6.1,329,NNW,0.0,0,0.0
Tirur,India,10.9,75.9167,2026-04-12 02:08,Night,27.0,31.0,85,1009.0,Partly Cloudy,41,10.0,4.3,322,NW,0.0,0,0.0
Tirur,India,10.9,75.9167,2026-04-12 03:07,Night,26.9,30.7,85,1008.0,Patchy rain nearby,75,10.0,5.4,327,NNW,0.02,1,0.0
Tirur,India,10.9,75.9167,2026-04-12 04:06,Night,26.6,30.3,86,1008.0,Patchy rain nearby,88,9.0,6.1,339,NNW,0.97,1,0.0
Tirur,India,10.9,75.9167,2026-04-12 05:08,Night,26.2,29.6,88,1009.0,Clear,15,10.0,7.2,339,NNW,0.0,0,0.0
Tirur,India,10.9,75.9167,2026-04-12 08:20,Day,29.0,33.7,75,1011.0,Partly Cloudy,37,10.0,7.2,353,N,0.0,0,2.3
Tirur,India,10.9,75.9167,2026-04-12 10:56,Day,31.6,37.2,64,1011.0,Sunny,17,10.0,6.5,296,WNW,0.0,0,8.5
Tirur,India,10.9,75.9167,2026-04-12 12:48,Day,32.5,38.4,60,1009.0,Sunny,14,10.0,11.9,262,W,0.0,0,11.3
Tirur,India,10.9,75.9167,2026-04-12 14:24,Day,31.6,37.0,62,1007.0,Sunny,22,10.0,17.6,269,W,0.0,0,5.8
Tirur,India,10.9,75.9167,2026-04-12 15:19,Day,31.2,36.6,65,1006.0,Sunny,17,10.0,19.4,275,W,0.0,0,3.3
Tirur,India,10.9,75.9167,2026-04-12 16:10,Day,30.9,36.4,67,1006.0,Sunny,18,10.0,17.3,283,WNW,0.0,0,1.9
Tirur,India,10.9,75.9167,2026-04-12 17:06,Day,30.1,35.3,70,1007.0,Sunny,25,10.0,15.1,288,WNW,0.0,0,0.5
Tirur,India,10.9,75.9167,2026-04-12 18:37,Night,29.1,34.1,76,1008.0,Partly Cloudy,33,10.0,12.2,294,WNW,0.0,0,0.0
Tirur,India,10.9,75.9167,2026-04-12 20:11,Night,28.2,33.0,80,1010.0,Partly Cloudy,33,10.0,8.3,298,WNW,0.0,0,0.0
Tirur,India,10.9,75.9167,2026-04-12 21:09,Night,28.1,32.7,81,1010.0,Partly Cloudy,36,10.0,7.6,293,WNW,0.0,0,0.0
Tirur,India,10.9,75.9167,2026-04-12 22:12,Night,27.9,32.5,82,1011.0,Partly Cloudy,43,10.0,7.2,294,WNW,0.0,0,0.0
Tirur,India,10.9,75.9167,2026-04-12 23:07,Night,27.8,32.1,82,1011.0,Patchy rain nearby,56,10.0,7.2,299,WNW,0.03,1,0.0
Tirur,India,10.9,75.9167,2026-04-13 00:24,Night,27.0,30.8,84,1010.0,Patchy rain nearby,81,10.0,6.8,317,NW,0.06,1,0.0
Tirur,India,10.9,75.9167,2026-04-13 01:11,Night,27.0,30.8,84,1010.0,Patchy rain nearby,81,10.0,6.8,317,NW,0.06,1,0.0
Tirur,India,10.9,75.9167,2026-04-13 02:10,Night,26.9,30.6,85,1009.0,Patchy rain nearby,81,9.0,6.5,322,NW,0.39,1,0.0
Tirur,India,10.9,75.9167,2026-04-13 03:08,Night,26.5,30.3,88,1009.0,Patchy rain nearby,84,10.0,7.9,339,NNW,0.02,1,0.0
Tirur,India,10.9,75.9167,2026-04-13 04:07,Night,26.3,29.9,89,1009.0,Patchy rain nearby,71,10.0,7.2,342,NNW,0.01,1,0.0
Tirur,India,10.9,75.9167,2026-04-13 05:09,Night,26.1,29.6,89,1010.0,Patchy rain nearby,70,10.0,6.5,343,NNW,0.01,1,0.0
Tirur,India,10.9,75.9167,2026-04-13 08:25,Day,29.2,33.6,72,1012.0,Partly Cloudy,31,10.0,5.4,10,N,0.0,0,2.0
Tirur,India,10.9,75.9167,2026-04-13 11:15,Day,32.4,38.1,60,1011.0,Sunny,2,10.0,10.1,276,W,0.0,0,10.9
Tirur,India,10.9,75.9167,2026-04-13 13:39,Day,32.5,38.3,59,1009.0,Sunny,10,10.0,15.8,264,W,0.0,0,10.7
Tirur,India,10.9,75.9167,2026-04-13 16:18,Day,30.7,35.9,67,1007.0,Sunny,9,10.0,20.9,272,W,0.0,0,2.0
Tirur,India,10.9,75.9167,2026-04-13 17:35,Day,29.8,35.0,72,1008.0,Sunny,17,10.0,19.4,285,WNW,0.0,0,0.5
Tirur,India,10.9,75.9167,2026-04-13 20:22,Night,28.3,33.3,82,1011.0,Patchy rain nearby,78,10.0,13.3,300,WNW,0.1,1,0.0
Tirur,India,10.9,75.9167,2026-04-13 21:46,Night,28.2,32.6,80,1011.0,Patchy rain nearby,83,10.0,11.5,307,NW,0.01,1,0.0
Tirur,India,10.9,75.9167,2026-04-13 23:34,Night,27.7,31.9,82,1011.0,Patchy rain nearby,75,10.0,9.7,311,NW,0.01,1,0.0
Tirur,India,10.9,75.9167,2026-04-14 01:37,Night,27.3,31.3,84,1010.0,Patchy rain nearby,79,10.0,7.9,313,NW,0.03,1,0.0
Tirur,India,10.9,75.9167,2026-04-14 03:22,Night,27.0,30.8,84,1009.0,Patchy rain nearby,86,10.0,6.1,316,NW,0.02,1,0.0
Tirur,India,10.9,75.9167,2026-04-14 04:16,Night,26.9,30.6,85,1009.0,Patchy rain nearby,57,10.0,5.4,325,NW,0.04,1,0.0
Tirur,India,10.9,75.9167,2026-04-14 05:16,Night,26.8,30.5,85,1010.0,Patchy rain nearby,56,10.0,4.7,343,NNW,0.04,1,0.0
Tirur,India,10.9,75.9167,2026-04-14 08:18,Day,29.7,34.3,70,1012.0,Patchy rain nearby,77,10.0,5.0,12,NNE,0.01,1,1.8
Tirur,India,10.9,75.9167,2026-04-14 10:56,Day,32.7,38.0,57,1011.0,Sunny,4,10.0,6.1,284,WNW,0.0,0,8.2
Tirur,India,10.9,75.9167,2026-04-14 13:21,Day,33.1,38.5,55,1008.0,Sunny,8,10.0,16.6,262,W,0.0,0,10.8
Tirur,India,10.9,75.9167,2026-04-14 14:51,Day,32.3,37.3,58,1007.0,Sunny,7,10.0,16.6,265,W,0.0,0,8.1
Tirur,India,10.9,75.9167,2026-04-14 16:35,Day,31.1,35.5,61,1006.0,Sunny,7,10.0,19.1,268,W,0.0,0,2.0
Tirur,India,10.9,75.9167,2026-04-14 19:18,Night,28.4,32.7,76,1009.0,Clear,13,10.0,8.6,285,WNW,0.0,0,0.0
Tirur,India,10.9,75.9167,2026-04-14 20:45,Night,28.3,32.7,79,1010.0,Partly Cloudy,38,10.0,9.4,290,WNW,0.0,0,0.0
Tirur,India,10.9,75.9167,2026-04-14 22:43,Night,27.8,32.1,81,1011.0,Patchy rain nearby,59,10.0,6.5,281,WNW,0.02,1,0.0
Tirur,India,10.9,75.9167,2026-04-15 00:51,Night,27.6,31.7,82,1009.0,Patchy light drizzle,84,5.0,4.7,244,WSW,0.16,1,0.0
Tirur,India,10.9,75.9167,2026-04-15 02:28,Night,27.5,31.6,82,1009.0,Patchy rain nearby,84,9.0,4.3,249,WSW,0.17,1,0.0
Tirur,India,10.9,75.9167,2026-04-15 03:28,Night,27.4,31.4,82,1008.0,Patchy rain nearby,79,10.0,4.0,276,W,0.11,1,0.0
Tirur,India,10.9,75.9167,2026-04-15 04:27,Night,27.6,31.5,81,1008.0,Patchy rain nearby,88,10.0,3.6,273,W,0.12,1,0.0
Tirur,India,10.9,75.9167,2026-04-15 05:20,Night,27.7,31.6,80,1009.0,Patchy rain nearby,87,10.0,3.6,223,SW,0.06,1,0.0
Tirur,India,10.9,75.9167,2026-04-15 08:15,Day,30.2,34.7,66,1010.0,Partly Cloudy,28,10.0,3.6,265,W,0.0,0,2.3
Tirur,India,10.9,75.9167,2026-04-15 10:56,Day,32.7,37.8,56,1010.0,Sunny,0,10.0,9.0,262,W,0.0,0,8.4
Tirur,India,10.9,75.9167,2026-04-15 13:22,Day,32.4,37.3,57,1007.0,Sunny,12,10.0,19.1,264,W,0.0,0,10.9
Tirur,India,10.9,75.9167,2026-04-15 14:53,Day,32.1,36.4,56,1006.0,Sunny,7,10.0,18.4,266,W,0.0,0,8.1
Tirur,India,10.9,75.9167,2026-04-15 16:32,Day,30.7,34.8,61,1006.0,Sunny,7,10.0,20.9,278,W,0.0,0,2.0
Tirur,India,10.9,75.9167,2026-04-15 19:13,Night,28.3,32.1,75,1009.0,Clear,11,10.0,11.9,297,WNW,0.0,0,0.0
Tirur,India,10.9,75.9167,2026-04-15 20:37,Night,28.1,31.9,76,1009.0,Partly Cloudy,28,10.0,11.5,296,WNW,0.0,0,0.0
Tirur,India,10.9,75.9167,2026-04-15 22:37,Night,28.1,32.7,81,1010.0,Partly Cloudy,32,10.0,8.3,276,W,0.0,0,0.0
Tirur,India,10.9,75.9167,2026-04-16 00:52,Night,27.5,31.6,82,1008.0,Patchy rain nearby,53,10.0,5.8,300,WNW,0.06,1,0.0
Tirur,India,10.9,75.9167,2026-04-16 02:24,Night,27.4,31.3,82,1008.0,Patchy rain nearby,79,10.0,5.4,294,WNW,0.04,1,0.0
Tirur,India,10.9,75.9167,2026-04-16 03:25,Night,27.7,32.0,83,1007.0,Patchy rain nearby,79,10.0,6.8,276,W,0.06,1,0.0
Tirur,India,10.9,75.9167,2026-04-16 04:14,Night,27.4,31.5,84,1007.0,Patchy rain nearby,86,10.0,6.8,277,W,0.04,1,0.0
Tirur,India,10.9,75.9167,2026-04-16 05:14,Night,27.2,31.2,84,1008.0,Patchy rain nearby,86,10.0,6.1,281,W,0.07,1,0.0
Tirur,India,10.9,75.9167,2026-04-16 08:22,Day,29.4,34.4,73,1010.0,Patchy rain nearby,72,10.0,5.0,294,WNW,0.08,1,1.2
Tirur,India,10.9,75.9167,2026-04-16 11:03,Day,31.9,37.3,61,1009.0,Sunny,2,10.0,10.1,272,W,0.0,0,8.9
Tirur,India,10.9,75.9167,2026-04-16 13:22,Day,32.9,38.7,58,1007.0,Sunny,12,10.0,17.6,262,W,0.0,0,10.4
Tirur,India,10.9,75.9167,2026-04-16 14:53,Day,32.0,36.8,58,1006.0,Sunny,7,10.0,19.1,262,W,0.0,0,7.5
Tirur,India,10.9,75.9167,2026-04-16 16:37,Day,30.9,35.4,63,1005.0,Sunny,6,10.0,19.1,275,W,0.0,0,1.9
Tirur,India,10.9,75.9167,2026-04-16 19:22,Night,28.5,32.7,76,1008.0,Clear,22,10.0,9.4,288,WNW,0.0,0,0.0
Tirur,India,10.9,75.9167,2026-04-16 20:58,Night,28.6,33.5,78,1009.0,Patchy rain nearby,71,10.0,8.6,287,WNW,0.01,1,0.0
Tirur,India,10.9,75.9167,2026-04-16 22:47,Night,28.2,33.1,82,1010.0,Clear,24,10.0,5.8,294,WNW,0.0,0,0.0
Tirur,India,10.9,75.9167,2026-04-17 00:50,Night,27.5,31.9,84,1009.0,Patchy rain nearby,85,9.0,5.8,324,NW,0.18,1,0.0
Tirur,India,10.9,75.9167,2026-04-17 02:25,Night,27.3,31.6,85,1008.0,Patchy rain nearby,80,10.0,6.8,332,NNW,0.05,1,0.0
Tirur,India,10.9,75.9167,2026-04-17 03:19,Night,27.1,31.3,86,1007.0,Patchy rain nearby,83,10.0,7.2,334,NNW,0.01,1,0.0
Tirur,India,10.9,75.9167,2026-04-17 04:13,Night,26.9,30.9,87,1008.0,Partly Cloudy,43,10.0,6.8,338,NNW,0.0,0,0.0
Tirur,India,10.9,75.9167,2026-04-17 05:13,Night,26.7,30.6,88,1008.0,Partly Cloudy,49,10.0,6.5,346,NNW,0.0,0,0.0
Tirur,India,10.9,75.9167,2026-04-17 08:18,Day,29.6,35.0,74,1010.0,Patchy rain nearby,56,10.0,5.4,334,NNW,0.01,1,2.0
Tirur,India,10.9,75.9167,2026-04-17 11:00,Day,32.7,39.6,63,1010.0,Patchy rain nearby,86,10.0,12.2,282,WNW,0.01,1,10.0
Tirur,India,10.9,75.9167,2026-04-17 13:21,Day,32.3,39.2,64,1007.0,Sunny,16,10.0,20.9,266,W,0.0,0,10.0
Tirur,India,10.9,75.9167,2026-04-17 14:51,Day,31.5,37.0,64,1007.0,Sunny,13,10.0,19.4,267,W,0.0,0,7.7
Tirur,India,10.9,75.9167,2026-04-17 16:29,Day,30.1,35.0,69,1006.0,Sunny,14,10.0,18.7,276,W,0.0,0,1.9
Tirur,India,10.9,75.9167,2026-04-17 17:29,Day,29.7,34.4,71,1007.0,Sunny,12,10.0,15.1,284,WNW,0.0,0,0.5
Tirur,India,10.9,75.9167,2026-04-17 19:23,Night,28.5,32.8,77,1009.0,Partly Cloudy,25,10.0,11.5,300,WNW,0.0,0,0.0
Tirur,India,10.9,75.9167,2026-04-17 20:29,Night,28.1,32.3,79,1009.0,Clear,24,10.0,10.1,303,WNW,0.0,0,0.0
Tirur,India,10.9,75.9167,2026-04-17 21:38,Night,28.4,33.2,80,1010.0,Partly Cloudy,44,10.0,12.2,310,NW,0.0,0,0.0
Tirur,India,10.9,75.9167,2026-04-17 23:21,Night,27.8,32.3,82,1010.0,Partly Cloudy,44,10.0,8.3,323,NW,0.0,0,0.0
Tirur,India,10.9,75.9167,2026-04-18 00:35,Night,27.2,31.2,84,1009.0,Partly Cloudy,45,10.0,6.8,312,NW,0.0,0,0.0
Tirur,India,10.9,75.9167,2026-04-18 02:20,Night,27.0,30.0,79,1008.0,Partly Cloudy,50,10.0,6.5,304,NW,0.0,0,0.0
Tirur,India,10.9,75.9167,2026-04-18 03:14,Night,26.9,30.7,85,1008.0,Patchy rain nearby,60,10.0,6.1,333,NNW,0.01,1,0.0
Tirur,India,10.9,75.9167,2026-04-18 04:11,Night,26.7,30.4,86,1008.0,Patchy rain nearby,83,10.0,4.3,354,N,0.01,1,0.0
Tirur,India,10.9,75.9167,2026-04-18 05:11,Night,26.5,30.1,87,1008.0,Patchy rain nearby,73,10.0,3.6,24,NNE,0.01,1,0.0
Tirur,India,10.9,75.9167,2026-04-18 08:09,Day,30.3,35.2,68,1010.0,Partly Cloudy,40,10.0,3.6,65,ENE,0.0,0,1.9
Tirur,India,10.9,75.9167,2026-04-18 10:39,Day,33.5,39.1,55,1010.0,Sunny,3,10.0,5.4,259,W,0.0,0,7.7
Tirur,India,10.9,75.9167,2026-04-18 12:42,Day,33.6,39.1,53,1009.0,Sunny,10,10.0,14.8,257,WSW,0.0,0,10.7
Tirur,India,10.9,75.9167,2026-04-18 14:24,Day,31.7,37.4,63,1007.0,Sunny,15,10.0,19.8,267,W,0.0,0,6.9
Tirur,India,10.9,75.9167,2026-04-18 15:21,Day,31.5,37.2,65,1006.0,Sunny,18,10.0,21.2,268,W,0.0,0,4.3
Tirur,India,10.9,75.9167,2026-04-18 16:13,Day,30.8,36.0,66,1006.0,Sunny,14,10.0,19.4,277,W,0.0,0,1.9
Tirur,India,10.9,75.9167,2026-04-18 17:07,Day,30.1,34.8,69,1007.0,Sunny,25,10.0,17.6,290,WNW,0.0,0,0.5
Tirur,India,10.9,75.9167,2026-04-18 18:37,Night,29.1,33.5,73,1008.0,Partly Cloudy,45,10.0,14.0,297,WNW,0.0,0,0.0
Tirur,India,10.9,75.9167,2026-04-18 20:11,Night,28.6,33.8,80,1010.0,Partly Cloudy,32,10.0,11.9,308,NW,0.0,0,0.0
Tirur,India,10.9,75.9167,2026-04-18 21:09,Night,28.4,33.4,81,1010.0,Partly Cloudy,39,10.0,10.1,302,WNW,0.0,0,0.0
Tirur,India,10.9,75.9167,2026-04-18 22:15,Night,28.1,33.0,82,1011.0,Partly Cloudy,32,10.0,7.2,308,NW,0.0,0,0.0
Tirur,India,10.9,75.9167,2026-04-18 23:09,Night,27.8,32.4,83,1010.0,Partly Cloudy,27,10.0,7.6,305,NW,0.0,0,0.0
Tirur,India,10.9,75.9167,2026-04-19 00:25,Night,27.4,31.8,85,1009.0,Patchy rain nearby,59,10.0,6.5,306,NW,0.01,1,0.0
Tirur,India,10.9,75.9167,2026-04-19 01:12,Night,27.4,31.8,85,1009.0,Patchy rain nearby,59,10.0,6.5,306,NW,0.01,1,0.0
Tirur,India,10.9,75.9167,2026-04-19 02:10,Night,27.3,31.6,86,1008.0,Patchy rain nearby,52,10.0,4.3,307,NW,0.02,1,0.0
Tirur,India,10.9,75.9167,2026-04-19 03:09,Night,27.2,31.3,86,1008.0,Patchy rain nearby,52,10.0,3.6,311,NW,0.02,1,0.0
Tirur,India,10.9,75.9167,2026-04-19 04:08,Night,27.2,31.3,85,1008.0,Patchy rain nearby,58,10.0,3.6,10,N,0.02,1,0.0
Tirur,India,10.9,75.9167,2026-04-19 05:08,Night,27.1,31.0,85,1008.0,Patchy rain nearby,60,10.0,3.6,59,ENE,0.01,1,0.0
Tirur,India,10.9,75.9167,2026-04-19 08:25,Day,29.8,34.5,70,1011.0,Patchy rain nearby,63,10.0,3.6,184,S,0.02,1,1.5
Tirur,India,10.9,75.9167,2026-04-19 11:02,Day,33.1,39.1,57,1010.0,Sunny,0,10.0,11.9,241,WSW,0.0,0,10.7
Tirur,India,10.9,75.9167,2026-04-19 12:53,Day,33.1,38.6,56,1009.0,Sunny,8,10.0,15.1,251,WSW,0.0,0,11.6
Tirur,India,10.9,75.9167,2026-04-19 14:28,Day,31.9,36.9,60,1007.0,Sunny,20,10.0,20.9,256,WSW,0.0,0,7.1
Tirur,India,10.9,75.9167,2026-04-19 15:25,Day,31.9,36.8,59,1006.0,Sunny,10,10.0,22.3,264,W,0.0,0,4.6
Tirur,India,10.9,75.9167,2026-04-19 16:12,Day,31.0,35.7,63,1006.0,Sunny,8,10.0,19.4,275,W,0.0,0,2.0
Tirur,India,10.9,75.9167,2026-04-19 17:06,Day,30.2,34.8,66,1007.0,Sunny,13,10.0,16.6,281,W,0.0,0,0.5
Tirur,India,10.9,75.9167,2026-04-19 18:37,Day,29.1,33.4,72,1009.0,Cloudy,65,10.0,13.0,286,WNW,0.0,0,0.0
Tirur,India,10.9,75.9167,2026-04-19 20:12,Night,28.5,33.3,80,1010.0,Clear,22,10.0,10.1,292,WNW,0.0,0,0.0
Tirur,India,10.9,75.9167,2026-04-19 21:10,Night,28.2,32.8,81,1011.0,Patchy rain nearby,79,10.0,8.6,294,WNW,0.01,1,0.0
Tirur,India,10.9,75.9167,2026-04-19 22:15,Night,28.0,32.5,82,1011.0,Patchy rain nearby,72,10.0,7.2,289,WNW,0.01,1,0.0
Tirur,India,10.9,75.9167,2026-04-19 23:08,Night,27.8,32.2,82,1011.0,Patchy rain nearby,75,10.0,7.6,300,WNW,0.03,1,0.0
Tirur,India,10.9,75.9167,2026-04-20 00:25,Night,27.3,31.4,83,1009.0,Partly Cloudy,38,10.0,6.8,304,NW,0.0,0,0.0
Tirur,India,10.9,75.9167,2026-04-20 01:14,Night,27.3,31.4,83,1009.0,Partly Cloudy,38,10.0,6.8,304,NW,0.0,0,0.0
Tirur,India,10.9,75.9167,2026-04-20 02:10,Night,27.2,31.5,86,1008.0,Patchy rain nearby,76,10.0,8.3,311,NW,0.05,1,0.0
Tirur,India,10.9,75.9167,2026-04-20 03:08,Night,27.0,31.1,86,1008.0,Patchy rain nearby,80,10.0,7.2,316,NW,0.07,1,0.0
Tirur,India,10.9,75.9167,2026-04-20 04:09,Night,27.0,31.0,86,1008.0,Patchy rain nearby,83,10.0,5.4,335,NNW,0.06,1,0.0
Tirur,India,10.9,75.9167,2026-04-20 05:10,Night,26.8,30.6,87,1009.0,Patchy rain nearby,86,10.0,5.4,351,N,0.05,1,0.0
Tirur,India,10.9,75.9167,2026-04-20 08:25,Day,30.3,35.3,68,1010.0,Patchy rain nearby,73,10.0,3.6,17,NNE,0.01,1,1.9
Tirur,India,10.9,75.9167,2026-04-20 11:15,Day,33.4,39.0,55,1009.0,Sunny,11,10.0,13.0,265,W,0.0,0,10.7
Tirur,India,10.9,75.9167,2026-04-20 13:43,Day,32.4,37.5,57,1008.0,Sunny,11,10.0,18.0,264,W,0.0,0,10.4
Tirur,India,10.9,75.9167,2026-04-20 16:21,Day,30.7,35.3,64,1006.0,Sunny,7,10.0,20.9,278,W,0.0,0,2.0
Tirur,India,10.9,75.9167,2026-04-20 17:36,Day,29.9,34.3,68,1006.0,Sunny,20,10.0,16.9,288,WNW,0.0,0,0.5
Tirur,India,10.9,75.9167,2026-04-20 20:23,Night,28.6,33.6,79,1009.0,Clear,15,10.0,10.8,298,WNW,0.0,0,0.0
Tirur,India,10.9,75.9167,2026-04-20 21:43,Night,28.3,33.2,81,1009.0,Patchy rain nearby,79,10.0,9.7,308,NW,0.01,1,0.0
Tirur,India,10.9,75.9167,2026-04-20 23:30,Night,27.9,32.3,82,1010.0,Patchy rain nearby,88,10.0,7.9,301,WNW,0.01,1,0.0
Tirur,India,10.9,75.9167,2026-04-21 00:50,Night,27.5,31.7,83,1008.0,Patchy rain nearby,83,10.0,7.2,312,NW,0.01,1,0.0
Tirur,India,10.9,75.9167,2026-04-21 02:22,Night,27.0,31.0,85,1008.0,Patchy rain nearby,77,9.0,6.5,315,NW,0.53,1,0.0
Tirur,India,10.9,75.9167,2026-04-21 03:20,Night,26.9,30.8,86,1007.0,Patchy rain nearby,88,9.0,5.4,322,NW,0.5,1,0.0
Tirur,India,10.9,75.9167,2026-04-21 04:18,Night,26.6,30.4,87,1008.0,Partly Cloudy,30,10.0,4.7,323,NW,0.0,0,0.0
Tirur,India,10.9,75.9167,2026-04-21 05:14,Night,26.3,30.0,88,1008.0,Patchy rain nearby,83,10.0,4.0,341,NNW,0.01,1,0.0
Tirur,India,10.9,75.9167,2026-04-21 08:19,Day,29.6,34.6,73,1010.0,Patchy rain nearby,78,10.0,3.6,358,N,0.01,1,2.3
Tirur,India,10.9,75.9167,2026-04-21 10:59,Day,31.8,37.2,62,1010.0,Patchy rain nearby,75,10.0,9.0,282,WNW,0.01,1,8.3
Tirur,India,10.9,75.9167,2026-04-21 13:26,Day,32.7,38.5,59,1007.0,Sunny,14,10.0,20.5,257,WSW,0.0,0,10.7
Tirur,India,10.9,75.9167,2026-04-21 15:15,Day,31.6,37.1,63,1005.0,Sunny,11,10.0,22.3,265,W,0.0,0,4.6
Tirur,India,10.9,75.9167,2026-04-21 16:40,Day,31.0,36.3,66,1005.0,Sunny,15,10.0,19.4,275,W,0.0,0,2.0
Tirur,India,10.9,75.9167,2026-04-21 19:18,Night,28.7,33.3,76,1008.0,Partly Cloudy,30,10.0,9.7,294,WNW,0.0,0,0.0
Tirur,India,10.9,75.9167,2026-04-21 20:45,Night,28.6,33.7,80,1009.0,Patchy rain nearby,72,10.0,9.7,291,WNW,0.02,1,0.0
Tirur,India,10.9,75.9167,2026-04-21 22:36,Night,28.3,33.0,81,1010.0,Patchy rain nearby,77,10.0,9.0,294,WNW,0.03,1,0.0
Tirur,India,10.9,75.9167,2026-04-22 00:47,Night,27.1,31.0,84,1008.0,Patchy rain nearby,89,10.0,7.2,309,NW,0.01,1,0.0
Tirur,India,10.9,75.9167,2026-04-22 02:27,Night,27.1,31.1,85,1008.0,Patchy light rain in area with thunder,72,10.0,6.5,303,WNW,0.18,1,0.0
Tirur,India,10.9,75.9167,2026-04-22 03:21,Night,26.7,30.5,86,1007.0,Clear,13,10.0,4.3,298,WNW,0.0,0,0.0
Tirur,India,10.9,75.9167,2026-04-22 04:11,Night,26.6,30.4,86,1008.0,Clear,20,10.0,3.6,315,NW,0.0,0,0.0
Tirur,India,10.9,75.9167,2026-04-22 05:07,Night,26.5,30.1,87,1008.0,Patchy rain nearby,80,9.0,3.6,353,N,1.22,1,0.0
Tirur,India,10.9,75.9167,2026-04-22 08:18,Day,29.5,34.6,73,1010.0,Partly Cloudy,36,10.0,3.6,339,NNW,0.0,0,2.3
Tirur,India,10.9,75.9167,2026-04-22 10:58,Day,32.4,38.6,61,1010.0,Sunny,6,10.0,6.8,279,W,0.0,0,8.5
Tirur,India,10.9,75.9167,2026-04-22 13:23,Day,32.4,37.8,58,1007.0,Sunny,10,10.0,16.6,261,W,0.0,0,10.6
Tirur,India,10.9,75.9167,2026-04-22 14:54,Day,32.0,37.2,59,1006.0,Sunny,8,10.0,18.7,254,WSW,0.0,0,7.5
Tirur,India,10.9,75.9167,2026-04-22 16:38,Day,31.0,35.9,64,1005.0,Sunny,8,10.0,19.4,273,W,0.0,0,2.0
Tirur,India,10.9,75.9167,2026-04-22 19:17,Night,28.7,33.3,76,1008.0,Partly Cloudy,59,10.0,10.8,287,WNW,0.0,0,0.0
Tirur,India,10.9,75.9167,2026-04-22 20:46,Night,28.8,33.6,77,1008.0,Partly Cloudy,52,10.0,10.1,300,WNW,0.0,0,0.0
Tirur,India,10.9,75.9167,2026-04-22 22:35,Night,28.4,33.2,80,1009.0,Partly Cloudy,32,10.0,9.4,304,NW,0.0,0,0.0
Tirur,India,10.9,75.9167,2026-04-23 00:47,Night,27.6,32.0,84,1007.0,Patchy rain nearby,75,10.0,7.6,293,WNW,0.02,1,0.0
Tirur,India,10.9,75.9167,2026-04-23 02:29,Night,27.3,31.8,86,1007.0,Patchy rain nearby,78,10.0,6.8,348,NNW,0.04,1,0.0
Tirur,India,10.9,75.9167,2026-04-23 03:29,Night,26.9,31.1,88,1006.0,Patchy rain nearby,79,9.0,6.8,10,N,0.23,1,0.0
Tirur,India,10.9,75.9167,2026-04-23 04:27,Night,26.8,30.8,87,1007.0,Patchy rain nearby,71,10.0,5.8,10,N,0.01,1,0.0
Tirur,India,10.9,75.9167,2026-04-23 05:23,Night,26.6,30.4,88,1007.0,Patchy rain nearby,86,10.0,5.4,21,NNE,0.01,1,0.0
Tirur,India,10.9,75.9167,2026-04-23 08:21,Day,30.3,35.5,70,1010.0,Patchy rain nearby,77,10.0,4.3,23,NNE,0.01,1,2.3
Tirur,India,10.9,75.9167,2026-04-23 11:03,Day,33.2,39.5,58,1008.0,Sunny,12,10.0,10.8,257,WSW,0.0,0,10.5
Tirur,India,10.9,75.9167,2026-04-23 13:29,Day,32.0,38.4,65,1006.0,Sunny,14,10.0,18.0,260,W,0.0,0,10.4
Tirur,India,10.9,75.9167,2026-04-23 15:24,Day,32.0,38.6,65,1005.0,Sunny,9,10.0,20.5,268,W,0.0,0,4.6
Tirur,India,10.9,75.9167,2026-04-23 16:42,Day,31.2,37.3,68,1005.0,Sunny,9,10.0,18.0,275,W,0.0,0,2.0
Tirur,India,10.9,75.9167,2026-04-23 19:20,Night,29.2,34.7,78,1007.0,Partly Cloudy,45,10.0,11.2,293,WNW,0.0,0,0.0
Tirur,India,10.9,75.9167,2026-04-23 21:26,Night,28.8,34.0,79,1008.0,Clear,22,10.0,9.7,307,NW,0.0,0,0.0
Tirur,India,10.9,75.9167,2026-04-23 22:55,Night,28.6,33.7,80,1009.0,Patchy rain nearby,73,10.0,8.6,313,NW,0.01,1,0.0
Tirur,India,10.9,75.9167,2026-04-24 00:44,Night,27.7,32.2,83,1007.0,Patchy light rain in area with thunder,75,10.0,8.6,322,NW,2.32,1,0.0
Tirur,India,10.9,75.9167,2026-04-24 02:26,Night,27.6,31.9,83,1007.0,Patchy rain nearby,76,9.0,9.4,329,NNW,0.29,1,0.0
Tirur,India,10.9,75.9167,2026-04-24 03:21,Night,27.4,31.5,84,1006.0,Partly Cloudy,33,10.0,8.6,327,NNW,0.0,0,0.0
Tirur,India,10.9,75.9167,2026-04-24 04:19,Night,27.2,31.2,85,1007.0,Patchy rain nearby,87,9.0,7.2,335,NNW,0.17,1,0.0
Tirur,India,10.9,75.9167,2026-04-24 05:21,Night,26.9,30.9,86,1007.0,Partly Cloudy,40,10.0,6.8,349,N,0.0,0,0.0
Tirur,India,10.9,75.9167,2026-04-24 08:22,Day,30.2,35.6,70,1009.0,Partly Cloudy,29,10.0,3.6,350,N,0.0,0,2.2
Tirur,India,10.9,75.9167,2026-04-24 11:08,Day,33.1,39.5,59,1008.0,Sunny,8,10.0,12.6,265,W,0.0,0,10.3
Tirur,India,10.9,75.9167,2026-04-24 13:38,Day,32.0,38.1,63,1006.0,Sunny,20,10.0,19.4,263,W,0.0,0,9.0
Tirur,India,10.9,75.9167,2026-04-24 15:53,Day,32.0,37.8,62,1004.0,Sunny,11,10.0,20.5,271,W,0.0,0,4.3
Tirur,India,10.9,75.9167,2026-04-24 17:29,Day,30.5,35.6,67,1006.0,Partly Cloudy,28,10.0,15.8,280,W,0.0,0,0.5
Tirur,India,10.9,75.9167,2026-04-24 19:30,Night,29.2,34.1,75,1007.0,Partly Cloudy,44,10.0,10.1,285,WNW,0.0,0,0.0
Tirur,India,10.9,75.9167,2026-04-24 21:36,Night,28.5,33.3,79,1008.0,Partly Cloudy,26,10.0,7.9,293,WNW,0.0,0,0.0
Tirur,India,10.9,75.9167,2026-04-24 23:20,Night,28.1,32.8,81,1009.0,Patchy rain nearby,57,10.0,6.8,310,NW,0.01,1,0.0
Tirur,India,10.9,75.9167,2026-04-25 00:27,Night,27.4,31.6,83,1007.0,Partly Cloudy,38,10.0,4.7,318,NW,0.0,0,0.0
Tirur,India,10.9,75.9167,2026-04-25 01:24,Night,27.4,31.6,83,1007.0,Partly Cloudy,38,10.0,4.7,318,NW,0.0,0,0.0
Tirur,India,10.9,75.9167,2026-04-25 02:22,Night,27.3,31.6,85,1007.0,Patchy rain nearby,81,10.0,5.4,328,NNW,0.01,1,0.0
Tirur,India,10.9,75.9167,2026-04-25 03:20,Night,27.1,31.3,86,1007.0,Patchy rain nearby,70,10.0,5.0,346,NNW,0.02,1,0.0
Tirur,India,10.9,75.9167,2026-04-25 04:12,Night,26.9,30.9,87,1007.0,Patchy rain nearby,87,10.0,5.4,358,N,0.03,1,0.0
Tirur,India,10.9,75.9167,2026-04-25 05:12,Night,26.6,30.6,89,1008.0,Patchy rain nearby,75,10.0,6.1,19,NNE,0.04,1,0.0
Tirur,India,10.9,75.9167,2026-04-25 08:10,Day,30.1,35.5,71,1010.0,Sunny,17,10.0,5.8,69,ENE,0.0,0,2.0
Tirur,India,10.9,75.9167,2026-04-25 10:44,Day,32.6,38.8,61,1010.0,Partly Cloudy,29,10.0,5.0,231,SW,0.0,0,7.1
Tirur,India,10.9,75.9167,2026-04-25 12:52,Day,33.8,40.3,56,1008.0,Sunny,14,10.0,12.6,253,WSW,0.0,0,10.1
Tirur,India,10.9,75.9167,2026-04-25 14:26,Day,32.6,38.7,60,1006.0,Sunny,16,10.0,18.7,263,W,0.0,0,6.8
Tirur,India,10.9,75.9167,2026-04-25 15:27,Day,31.5,37.1,64,1006.0,Sunny,15,10.0,19.1,264,W,0.0,0,4.0
Tirur,India,10.9,75.9167,2026-04-25 16:24,Day,31.0,36.4,66,1005.0,Sunny,16,10.0,19.1,269,W,0.0,0,1.7
Tirur,India,10.9,75.9167,2026-04-25 17:10,Day,30.2,35.3,69,1006.0,Sunny,16,10.0,16.9,274,W,0.0,0,0.4
Tirur,India,10.9,75.9167,2026-04-25 18:40,Night,29.5,34.4,73,1007.0,Sunny,23,10.0,12.6,277,W,0.0,0,0.0
Tirur,India,10.9,75.9167,2026-04-25 20:15,Night,28.8,34.0,79,1009.0,Partly Cloudy,52,10.0,6.8,309,NW,0.0,0,0.0
Tirur,India,10.9,75.9167,2026-04-25 21:11,Night,28.6,33.6,80,1010.0,Partly Cloudy,33,10.0,7.2,302,WNW,0.0,0,0.0
Tirur,India,10.9,75.9167,2026-04-25 22:17,Night,28.7,33.8,79,1009.0,Partly Cloudy,34,10.0,4.0,302,WNW,0.0,0,0.0
Tirur,India,10.9,75.9167,2026-04-25 23:09,Night,28.4,33.2,80,1009.0,Partly Cloudy,42,10.0,3.6,298,WNW,0.0,0,0.0
Tirur,India,10.9,75.9167,2026-04-26 00:26,Night,27.8,32.4,82,1008.0,Patchy rain nearby,81,10.0,5.4,301,WNW,0.1,1,0.0
Tirur,India,10.9,75.9167,2026-04-26 01:19,Night,27.8,32.4,82,1008.0,Patchy rain nearby,81,10.0,5.4,301,WNW,0.1,1,0.0
Tirur,India,10.9,75.9167,2026-04-26 02:11,Night,27.2,31.2,83,1007.0,Partly Cloudy,32,10.0,4.7,321,NW,0.0,0,0.0
Tirur,India,10.9,75.9167,2026-04-26 03:08,Night,27.2,31.2,83,1007.0,Partly Cloudy,35,10.0,3.6,319,NW,0.0,0,0.0
Tirur,India,10.9,75.9167,2026-04-26 04:09,Night,27.1,30.9,84,1008.0,Partly Cloudy,41,10.0,3.6,338,NNW,0.0,0,0.0
Tirur,India,10.9,75.9167,2026-04-26 05:11,Night,27.0,30.8,84,1008.0,Partly Cloudy,51,10.0,3.6,353,N,0.0,0,0.0
Tirur,India,10.9,75.9167,2026-04-26 08:27,Day,29.9,35.1,72,1011.0,Patchy rain nearby,55,10.0,3.6,25,NNE,0.02,1,1.8
Tirur,India,10.9,75.9167,2026-04-26 11:15,Day,32.6,38.8,61,1009.0,Patchy rain nearby,81,10.0,11.9,259,W,0.05,1,9.4
Tirur,India,10.9,75.9167,2026-04-26 13:13,Day,31.7,37.5,63,1007.0,Sunny,19,10.0,16.2,250,WSW,0.0,0,8.4
Tirur,India,10.9,75.9167,2026-04-26 14:35,Day,31.8,37.8,63,1006.0,Sunny,19,10.0,19.4,254,WSW,0.0,0,7.2
Tirur,India,10.9,75.9167,2026-04-26 16:19,Day,31.4,37.1,65,1005.0,Sunny,14,10.0,15.5,270,W,0.0,0,1.9
Tirur,India,10.9,75.9167,2026-04-26 17:10,Day,30.6,36.1,69,1006.0,Sunny,11,10.0,13.3,261,W,0.0,0,0.5
Tirur,India,10.9,75.9167,2026-04-26 18:42,Night,29.5,34.8,74,1007.0,Partly Cloudy,25,10.0,10.4,268,W,0.0,0,0.0
Tirur,India,10.9,75.9167,2026-04-26 20:17,Night,28.7,33.7,79,1008.0,Thundery outbreaks in nearby,48,9.0,7.6,293,WNW,0.0,0,0.0
Tirur,India,10.9,75.9167,2026-04-26 21:14,Night,28.5,33.5,80,1009.0,Thundery outbreaks in nearby,37,9.0,7.9,297,WNW,0.0,0,0.0
Tirur,India,10.9,75.9167,2026-04-26 22:19,Night,28.3,33.1,81,1009.0,Thundery outbreaks in nearby,40,9.0,6.5,295,WNW,0.0,0,0.0
Tirur,India,10.9,75.9167,2026-04-26 23:10,Night,28.0,32.7,82,1009.0,Thundery outbreaks in nearby,55,9.0,6.5,311,NW,0.0,0,0.0
Tirur,India,10.9,75.9167,2026-04-27 00:28,Night,27.5,31.8,84,1008.0,Light rain shower,53,10.0,5.4,330,NNW,0.49,1,0.0
Tirur,India,10.9,75.9167,2026-04-27 01:20,Night,27.5,31.8,84,1008.0,Light rain shower,53,10.0,5.4,330,NNW,0.49,1,0.0
Tirur,India,10.9,75.9167,2026-04-27 02:11,Night,27.1,31.3,86,1007.0,Patchy rain nearby,72,9.0,5.8,334,NNW,0.32,1,0.0
Tirur,India,10.9,75.9167,2026-04-27 03:09,Night,26.8,30.8,87,1007.0,Patchy rain nearby,85,9.0,5.8,334,NNW,0.18,1,0.0
Tirur,India,10.9,75.9167,2026-04-27 04:10,Night,26.7,30.5,87,1007.0,Patchy rain nearby,86,9.0,4.7,346,NNW,0.34,1,0.0
Tirur,India,10.9,75.9167,2026-04-27 05:11,Night,26.5,30.3,88,1008.0,Patchy rain nearby,70,10.0,4.3,16,NNE,0.03,1,0.0
Tirur,India,10.9,75.9167,2026-04-27 08:52,Day,30.3,35.8,71,1010.0,Patchy rain nearby,53,10.0,4.3,340,NNW,0.01,1,2.1
Tirur,India,10.9,75.9167,2026-04-27 11:59,Day,32.6,38.4,59,1009.0,Partly Cloudy,25,10.0,13.3,259,W,0.0,0,9.7
Tirur,India,10.9,75.9167,2026-04-27 14:51,Day,32.2,37.9,61,1006.0,Sunny,18,10.0,17.6,263,W,0.0,0,6.8
Tirur,India,10.9,75.9167,2026-04-27 17:15,Day,30.5,35.5,66,1006.0,Sunny,16,10.0,15.8,275,W,0.0,0,0.5
Tirur,India,10.9,75.9167,2026-04-27 19:30,Night,29.1,33.9,75,1008.0,Clear,24,10.0,11.9,282,WNW,0.0,0,0.0
Tirur,India,10.9,75.9167,2026-04-27 21:58,Night,28.8,34.0,79,1009.0,Patchy rain nearby,82,10.0,9.7,299,WNW,0.02,1,0.0
Tirur,India,10.9,75.9167,2026-04-27 23:34,Night,28.3,33.2,81,1009.0,Patchy light drizzle,83,5.0,8.3,300,WNW,0.3,1,0.0
Tirur,India,10.9,75.9167,2026-04-28 01:39,Night,27.9,32.4,82,1007.0,Patchy light drizzle,57,5.0,6.8,308,NW,0.37,1,0.0
Tirur,India,10.9,75.9167,2026-04-28 03:24,Night,27.6,31.9,83,1006.0,Partly Cloudy,50,10.0,5.4,310,NW,0.0,0,0.0
Tirur,India,10.9,75.9167,2026-04-28 04:25,Night,27.5,31.8,84,1007.0,Cloudy,68,10.0,5.0,307,NW,0.0,0,0.0
Tirur,India,10.9,75.9167,2026-04-28 05:26,Night,27.3,31.5,84,1007.0,Patchy rain nearby,74,10.0,4.7,320,NW,0.02,1,0.0
Tirur,India,10.9,75.9167,2026-04-28 09:13,Day,31.1,36.8,67,1009.0,Patchy rain nearby,52,10.0,6.8,302,WNW,0.04,1,3.8
Tirur,India,10.9,75.9167,2026-04-28 12:01,Day,32.1,38.0,62,1008.0,Patchy rain nearby,52,10.0,13.7,271,W,0.04,1,7.9
Tirur,India,10.9,75.9167,2026-04-28 14:54,Day,32.1,38.2,63,1007.0,Thundery outbreaks in nearby,54,9.0,14.0,278,W,0.01,1,5.5
Tirur,India,10.9,75.9167,2026-04-28 17:17,Day,30.5,36.1,70,1007.0,Patchy rain nearby,72,10.0,12.2,290,WNW,0.06,1,0.4
Tirur,India,10.9,75.9167,2026-04-28 19:44,Night,29.2,34.4,77,1007.0,Thundery outbreaks in nearby,30,9.0,12.2,289,WNW,0.0,0,0.0
Tirur,India,10.9,75.9167,2026-04-28 22:23,Night,28.2,33.3,84,1009.0,Patchy rain nearby,85,9.0,10.1,307,NW,0.18,1,0.0
Tirur,India,10.9,75.9167,2026-04-28 23:50,Night,28.0,33.0,84,1009.0,Patchy rain nearby,81,10.0,10.4,308,NW,0.03,1,0.0
Tirur,India,10.9,75.9167,2026-04-29 01:49,Night,27.5,32.1,85,1007.0,Patchy light drizzle,59,5.0,9.0,314,NW,0.59,1,0.0
Tirur,India,10.9,75.9167,2026-04-29 03:30,Night,27.2,31.8,87,1006.0,Patchy rain nearby,61,10.0,7.6,325,NW,0.03,1,0.0
Tirur,India,10.9,75.9167,2026-04-29 05:27,Night,26.8,31.1,89,1007.0,Patchy rain nearby,62,10.0,7.6,341,NNW,0.02,1,0.0
Tirur,India,10.9,75.9167,2026-04-29 09:19,Day,31.6,38.2,67,1010.0,Patchy rain nearby,57,10.0,8.6,300,WNW,0.02,1,4.6
Tirur,India,10.9,75.9167,2026-04-29 11:55,Day,32.3,39.3,64,1009.0,Patchy rain nearby,81,10.0,13.0,269,W,0.05,1,9.1
Tirur,India,10.9,75.9167,2026-04-29 14:41,Day,31.2,36.7,65,1007.0,Sunny,25,10.0,15.8,252,WSW,0.0,0,5.8
Tirur,India,10.9,75.9167,2026-04-29 17:10,Day,30.4,35.6,68,1007.0,Partly Cloudy,35,10.0,13.0,257,WSW,0.0,0,0.5
Tirur,India,10.9,75.9167,2026-04-29 19:33,Night,29.0,33.6,75,1009.0,Clear,22,10.0,10.1,287,WNW,0.0,0,0.0
Tirur,India,10.9,75.9167,2026-04-29 22:12,Night,27.8,32.2,82,1010.0,Patchy rain nearby,78,10.0,8.3,269,W,0.07,1,0.0
Tirur,India,10.9,75.9167,2026-04-29 23:42,Night,27.8,32.2,83,1010.0,Partly Cloudy,40,10.0,7.6,262,W,0.0,0,0.0
Tirur,India,10.9,75.9167,2026-04-30 01:41,Night,27.5,31.7,83,1009.0,Patchy rain nearby,77,10.0,5.0,288,WNW,0.03,1,0.0
Tirur,India,10.9,75.9167,2026-04-30 03:31,Night,27.1,31.1,85,1008.0,Patchy light drizzle,56,5.0,6.5,327,NNW,0.47,1,0.0
Tirur,India,10.9,75.9167,2026-04-30 05:27,Night,26.7,30.6,86,1009.0,Patchy rain nearby,88,10.0,4.7,354,N,0.01,1,0.0
Tirur,India,10.9,75.9167,2026-04-30 09:13,Day,31.7,37.0,62,1011.0,Sunny,15,10.0,7.6,290,WNW,0.0,0,4.8
Tirur,India,10.9,75.9167,2026-04-30 11:59,Day,32.8,38.5,58,1010.0,Sunny,9,10.0,14.4,274,W,0.0,0,10.3
Tirur,India,10.9,75.9167,2026-04-30 14:43,Day,31.6,37.5,65,1008.0,Sunny,14,10.0,16.2,270,W,0.0,0,7.8
Tirur,India,10.9,75.9167,2026-04-30 17:09,Day,30.1,35.4,70,1008.0,Thundery outbreaks in nearby,73,9.0,13.0,272,W,0.03,1,0.5
Tirur,India,10.9,75.9167,2026-04-30 19:32,Night,28.5,33.2,79,1010.0,Patchy rain nearby,76,9.0,10.8,275,W,0.25,1,0.0
Tirur,India,10.9,75.9167,2026-04-30 21:51,Night,26.5,30.4,89,1011.0,Moderate rain at times,73,8.0,9.4,359,N,6.93,1,0.0
Tirur,India,10.9,75.9167,2026-04-30 23:40,Night,24.1,26.5,90,1011.0,Patchy rain nearby,74,9.0,16.2,17,NNE,0.76,1,0.0
Tirur,India,10.9,75.9167,2026-05-01 01:39,Night,24.5,26.8,86,1009.0,Cloudy,73,10.0,4.0,44,NE,0.0,0,0.0
Tirur,India,10.9,75.9167,2026-05-01 03:28,Night,26.9,30.9,87,1009.0,Partly Cloudy,42,10.0,3.6,335,NNW,0.0,0,0.0
Tirur,India,10.9,75.9167,2026-05-01 04:30,Night,26.8,30.7,86,1009.0,Thundery outbreaks in nearby,65,9.0,3.6,329,NNW,0.01,1,0.0
Tirur,India,10.9,75.9167,2026-05-01 05:29,Night,26.7,30.6,87,1010.0,Patchy rain nearby,71,10.0,3.6,10,N,0.02,1,0.0
Tirur,India,10.9,75.9167,2026-05-01 09:40,Day,31.0,36.9,68,1012.0,Thundery outbreaks in nearby,55,9.0,4.0,281,WNW,0.11,1,4.3
Tirur,India,10.9,75.9167,2026-05-01 12:56,Day,32.0,36.2,56,1010.0,Sunny,8,10.0,11.2,272,W,0.0,0,8.4
Tirur,India,10.9,75.9167,2026-05-01 15:18,Day,31.4,36.3,61,1007.0,Sunny,9,10.0,16.9,264,W,0.0,0,3.7
Tirur,India,10.9,75.9167,2026-05-01 16:38,Day,30.5,35.2,65,1007.0,Sunny,11,10.0,14.4,271,W,0.0,0,1.8
Tirur,India,10.9,75.9167,2026-05-01 18:53,Night,29.0,33.7,76,1009.0,Patchy rain nearby,75,9.0,9.0,305,NW,0.77,1,0.0
Tirur,India,10.9,75.9167,2026-05-01 20:28,Night,28.0,32.5,81,1008.0,Clear,12,10.0,10.8,291,WNW,0.0,0,0.0
Tirur,India,10.9,75.9167,2026-05-01 21:33,Night,28.1,32.9,83,1009.0,Clear,22,10.0,8.3,311,NW,0.0,0,0.0
Tirur,India,10.9,75.9167,2026-05-01 23:29,Night,27.6,32.1,84,1011.0,Thundery outbreaks in nearby,58,9.0,3.6,10,N,0.08,1,0.0
Tirur,India,10.9,75.9167,2026-05-02 00:55,Night,27.1,31.3,86,1009.0,Patchy rain nearby,58,10.0,3.6,87,E,0.05,1,0.0
Tirur,India,10.9,75.9167,2026-05-02 02:26,Night,26.3,29.9,88,1008.0,Patchy rain nearby,63,10.0,3.6,56,ENE,0.04,1,0.0
Tirur,India,10.9,75.9167,2026-05-02 03:27,Night,26.2,29.7,88,1008.0,Patchy light drizzle,68,5.0,4.0,30,NNE,0.37,1,0.0
Tirur,India,10.9,75.9167,2026-05-02 04:26,Night,26.1,29.6,89,1008.0,Patchy rain nearby,66,10.0,4.7,10,N,0.02,1,0.0
Tirur,India,10.9,75.9167,2026-05-02 05:25,Night,26.2,29.7,89,1008.0,Patchy rain nearby,60,10.0,5.0,353,N,0.01,1,0.0
Tirur,India,10.9,75.9167,2026-05-02 08:24,Day,29.2,34.8,78,1010.0,Thundery outbreaks in nearby,70,9.0,3.6,358,N,0.03,1,1.9
Tirur,India,10.9,75.9167,2026-05-02 11:10,Day,32.0,39.0,67,1009.0,Thundery outbreaks in nearby,89,9.0,12.6,268,W,0.05,1,7.6
Tirur,India,10.9,75.9167,2026-05-02 13:18,Day,31.4,37.8,67,1008.0,Thundery outbreaks in nearby,63,9.0,12.2,270,W,0.04,1,8.3
Tirur,India,10.9,75.9167,2026-05-02 14:39,Day,31.8,38.4,66,1007.0,Thundery outbreaks in nearby,67,9.0,14.0,272,W,0.04,1,6.1
Tirur,India,10.9,75.9167,2026-05-02 16:24,Day,30.8,37.1,71,1006.0,Thundery outbreaks in nearby,84,9.0,17.3,280,W,0.02,1,1.8
Tirur,India,10.9,75.9167,2026-05-02 17:18,Day,30.1,36.0,73,1007.0,Thundery outbreaks in nearby,85,9.0,16.9,281,WNW,0.11,1,0.5
Tirur,India,10.9,75.9167,2026-05-02 18:47,Night,28.9,34.2,79,1008.0,Light rain shower,79,10.0,14.0,294,WNW,0.89,1,0.0
Tirur,India,10.9,75.9167,2026-05-02 20:20,Night,28.2,32.2,77,1009.0,Partly Cloudy,40,10.0,9.4,294,WNW,0.0,0,0.0
Tirur,India,10.9,75.9167,2026-05-02 21:20,Night,27.9,31.8,77,1010.0,Partly Cloudy,48,10.0,8.6,298,WNW,0.0,0,0.0
Tirur,India,10.9,75.9167,2026-05-02 22:22,Night,27.9,31.6,77,1010.0,Partly Cloudy,48,10.0,7.9,306,NW,0.0,0,0.0
Tirur,India,10.9,75.9167,2026-05-02 23:17,Night,27.7,31.3,78,1010.0,Patchy rain nearby,85,10.0,6.8,308,NW,0.01,1,0.0
Tirur,India,10.9,75.9167,2026-05-03 00:34,Night,27.3,30.7,79,1008.0,Patchy rain nearby,70,10.0,5.4,321,NW,0.01,1,0.0
Tirur,India,10.9,75.9167,2026-05-03 02:15,Night,27.0,30.3,80,1008.0,Patchy rain nearby,56,10.0,4.7,340,NNW,0.01,1,0.0
Tirur,India,10.9,75.9167,2026-05-03 03:13,Night,26.7,30.0,82,1008.0,Patchy rain nearby,52,10.0,5.8,333,NNW,0.01,1,0.0
Tirur,India,10.9,75.9167,2026-05-03 04:16,Night,26.6,29.8,83,1008.0,Patchy rain nearby,78,10.0,6.5,340,NNW,0.01,1,0.0
Tirur,India,10.9,75.9167,2026-05-03 05:18,Night,26.3,29.4,83,1009.0,Partly Cloudy,37,10.0,6.5,348,NNW,0.0,0,0.0
Tirur,India,10.9,75.9167,2026-05-03 09:01,Day,30.3,34.1,62,1011.0,Partly Cloudy,31,10.0,8.6,313,NW,0.0,0,4.4
Tirur,India,10.9,75.9167,2026-05-03 11:57,Day,31.9,35.8,55,1010.0,Sunny,6,10.0,12.2,293,WNW,0.0,0,9.9
Tirur,India,10.9,75.9167,2026-05-03 14:18,Day,31.0,34.6,58,1007.0,Sunny,3,10.0,13.7,271,W,0.0,0,6.0
Tirur,India,10.9,75.9167,2026-05-03 15:37,Day,30.7,34.3,60,1007.0,Sunny,3,10.0,14.0,275,W,0.0,0,3.3
Tirur,India,10.9,75.9167,2026-05-03 17:15,Day,29.7,33.5,66,1007.0,Sunny,5,10.0,13.3,275,W,0.0,0,0.4
Tirur,India,10.9,75.9167,2026-05-03 18:47,Night,28.8,32.4,70,1008.0,Sunny,20,10.0,9.4,282,WNW,0.0,0,0.0
Tirur,India,10.9,75.9167,2026-05-03 20:21,Night,28.2,32.0,75,1010.0,Patchy rain nearby,61,10.0,10.4,297,WNW,0.02,1,0.0
Tirur,India,10.9,75.9167,2026-05-03 21:20,Night,28.0,31.7,75,1010.0,Patchy rain nearby,72,10.0,9.4,293,WNW,0.02,1,0.0
Tirur,India,10.9,75.9167,2026-05-03 22:25,Night,28.0,31.7,75,1011.0,Patchy rain nearby,80,10.0,8.3,286,WNW,0.01,1,0.0
Tirur,India,10.9,75.9167,2026-05-03 23:20,Night,28.3,32.0,74,1010.0,Patchy rain nearby,65,10.0,7.9,284,WNW,0.04,1,0.0
Tirur,India,10.9,75.9167,2026-05-04 00:33,Night,27.7,31.3,78,1009.0,Patchy rain nearby,69,10.0,6.1,303,WNW,0.09,1,0.0
Tirur,India,10.9,75.9167,2026-05-04 02:18,Night,27.6,31.4,79,1008.0,Patchy rain nearby,75,10.0,5.8,323,NW,0.11,1,0.0
Tirur,India,10.9,75.9167,2026-05-04 03:14,Night,27.6,31.3,78,1008.0,Patchy rain nearby,78,10.0,6.5,325,NW,0.05,1,0.0
Tirur,India,10.9,75.9167,2026-05-04 04:16,Night,27.0,30.3,81,1008.0,Patchy rain nearby,71,10.0,6.8,328,NNW,0.01,1,0.0
Tirur,India,10.9,75.9167,2026-05-04 05:20,Night,26.7,29.9,82,1008.0,Patchy rain nearby,86,10.0,6.1,334,NNW,0.01,1,0.0
Tirur,India,10.9,75.9167,2026-05-04 08:59,Day,29.9,33.8,65,1010.0,Patchy rain nearby,88,10.0,8.6,339,NNW,0.01,1,2.3
Tirur,India,10.9,75.9167,2026-05-04 12:10,Day,33.0,37.6,53,1009.0,Sunny,15,10.0,17.6,274,W,0.0,0,11.6
Tirur,India,10.9,75.9167,2026-05-04 14:52,Day,31.9,35.8,55,1008.0,Sunny,7,10.0,15.8,260,W,0.0,0,7.9
Tirur,India,10.9,75.9167,2026-05-04 17:21,Day,29.9,33.5,64,1008.0,Sunny,11,10.0,13.0,261,W,0.0,0,0.5
Tirur,India,10.9,75.9167,2026-05-04 19:37,Night,28.5,31.8,70,1009.0,Clear,16,10.0,10.1,261,W,0.0,0,0.0
Tirur,India,10.9,75.9167,2026-05-04 22:17,Night,28.4,32.4,75,1010.0,Patchy rain nearby,84,10.0,7.6,272,W,0.01,1,0.0
Tirur,India,10.9,75.9167,2026-05-04 23:46,Night,28.4,32.3,74,1010.0,Patchy rain nearby,57,10.0,5.4,289,WNW,0.12,1,0.0
Tirur,India,10.9,75.9167,2026-05-05 01:46,Night,28.0,31.7,76,1008.0,Patchy rain nearby,74,10.0,8.3,301,WNW,0.03,1,0.0
Tirur,India,10.9,75.9167,2026-05-05 03:33,Night,27.2,30.9,82,1008.0,Patchy rain nearby,57,10.0,8.3,311,NW,0.05,1,0.0
Tirur,India,10.9,75.9167,2026-05-05 05:25,Night,27.1,30.8,83,1009.0,Patchy light rain,55,9.0,8.6,321,NW,0.76,1,0.0
Tirur,India,10.9,75.9167,2026-05-05 08:54,Day,28.1,32.1,78,1010.0,Patchy rain nearby,55,10.0,9.4,332,NNW,0.01,1,0.6
Tirur,India,10.9,75.9167,2026-05-05 11:47,Day,30.2,34.7,66,1010.0,Sunny,13,10.0,11.5,307,NW,0.0,0,9.1
Tirur,India,10.9,75.9167,2026-05-05 14:38,Day,31.6,36.3,59,1007.0,Sunny,15,10.0,18.4,273,W,0.0,0,4.5
Tirur,India,10.9,75.9167,2026-05-05 16:46,Day,31.0,35.2,61,1007.0,Sunny,9,10.0,16.9,277,W,0.0,0,1.6
Tirur,India,10.9,75.9167,2026-05-05 21:56,Night,26.8,30.1,82,1010.0,Patchy rain nearby,72,9.0,10.4,351,N,0.35,1,0.0
Tirur,India,10.9,75.9167,2026-05-05 23:42,Night,27.3,30.8,80,1010.0,Clear,18,10.0,8.3,331,NNW,0.0,0,0.0
Tirur,India,10.9,75.9167,2026-05-06 01:39,Night,27.4,31.1,80,1008.0,Patchy rain nearby,81,10.0,9.0,321,NW,0.03,1,0.0
Tirur,India,10.9,75.9167,2026-05-06 03:32,Night,27.3,31.1,83,1007.0,Patchy light drizzle,66,5.0,10.8,324,NW,0.16,1,0.0
Tirur,India,10.9,75.9167,2026-05-06 05:20,Night,27.3,31.4,84,1007.0,Patchy rain nearby,77,10.0,11.2,330,NNW,0.02,1,0.0
Tirur,India,10.9,75.9167,2026-05-06 08:56,Day,29.0,33.4,73,1009.0,Sunny,17,10.0,16.2,338,NNW,0.0,0,1.9
Tirur,India,10.9,75.9167,2026-05-06 12:01,Day,32.8,38.1,56,1007.0,Sunny,9,10.0,16.9,300,WNW,0.0,0,11.4
Tirur,India,10.9,75.9167,2026-05-06 14:55,Day,30.5,35.1,65,1006.0,Sunny,11,10.0,15.1,304,NW,0.0,0,7.8
Tirur,India,10.9,75.9167,2026-05-06 17:19,Day,29.9,35.1,72,1006.0,Sunny,20,10.0,15.8,291,WNW,0.0,0,0.4
Tirur,India,10.9,75.9167,2026-05-06 19:50,Night,28.7,33.6,79,1007.0,Clear,19,10.0,11.9,310,NW,0.0,0,0.0
Tirur,India,10.9,75.9167,2026-05-06 22:12,Night,28.7,34.4,82,1007.0,Thundery outbreaks in nearby,64,9.0,12.2,307,NW,0.0,0,0.0
Tirur,India,10.9,75.9167,2026-05-06 23:48,Night,28.1,33.3,84,1007.0,Thundery outbreaks in nearby,25,9.0,8.3,313,NW,0.0,0,0.0
Tirur,India,10.9,75.9167,2026-05-07 01:54,Night,27.4,31.9,86,1006.0,Moderate or heavy rain shower,81,7.0,5.0,289,WNW,2.54,1,0.0
Tirur,India,10.9,75.9167,2026-05-07 03:29,Night,26.9,30.6,85,1006.0,Moderate or heavy rain shower,80,7.0,3.6,109,ESE,3.44,1,0.0
Tirur,India,10.9,75.9167,2026-05-07 04:30,Night,26.5,29.9,86,1006.0,Patchy rain nearby,89,9.0,9.7,128,SE,0.89,1,0.0
Tirur,India,10.9,75.9167,2026-05-07 08:57,Day,27.6,31.3,80,1009.0,Patchy rain nearby,73,10.0,7.6,166,SSE,0.14,1,2.2
Tirur,India,10.9,75.9167,2026-05-07 12:07,Day,29.7,34.5,70,1008.0,Patchy rain nearby,77,9.0,10.4,213,SSW,0.22,1,11.1
Tirur,India,10.9,75.9167,2026-05-07 15:05,Day,31.0,36.3,65,1006.0,Sunny,17,10.0,12.6,253,WSW,0.0,0,4.4
Tirur,India,10.9,75.9167,2026-05-07 17:20,Day,29.7,34.6,71,1006.0,Patchy light rain,77,9.0,14.0,280,W,0.81,1,0.3
Tirur,India,10.9,75.9167,2026-05-07 19:49,Night,28.0,32.5,81,1008.0,Moderate rain at times,74,8.0,10.8,309,NW,2.9,1,0.0
Tirur,India,10.9,75.9167,2026-05-07 22:22,Night,27.9,32.6,83,1009.0,Patchy rain nearby,87,9.0,7.2,333,NNW,0.64,1,0.0
Tirur,India,10.9,75.9167,2026-05-07 23:56,Night,27.8,32.4,84,1008.0,Light rain shower,50,10.0,6.1,330,NNW,0.32,1,0.0
Tirur,India,10.9,75.9167,2026-05-08 01:45,Night,27.3,31.6,85,1007.0,Patchy light drizzle,52,5.0,6.5,353,N,0.5,1,0.0
Tirur,India,10.9,75.9167,2026-05-08 03:31,Night,27.1,31.4,87,1006.0,Patchy rain nearby,61,10.0,6.1,10,N,0.01,1,0.0
Tirur,India,10.9,75.9167,2026-05-08 05:25,Night,26.5,30.3,88,1007.0,Light rain shower,52,10.0,4.0,24,NNE,1.42,1,0.0
Tirur,India,10.9,75.9167,2026-05-08 08:53,Day,27.0,30.9,85,1009.0,Partly Cloudy,53,10.0,3.6,61,ENE,0.0,0,1.4
Tirur,India,10.9,75.9167,2026-05-08 11:28,Day,29.8,34.5,70,1008.0,Partly Cloudy,32,10.0,3.6,317,NW,0.0,0,8.7
Tirur,India,10.9,75.9167,2026-05-08 13:23,Day,33.2,39.6,58,1006.0,Partly Cloudy,26,10.0,13.3,276,W,0.0,0,8.8
Tirur,India,10.9,75.9167,2026-05-08 14:55,Day,33.0,39.3,59,1004.0,Thundery outbreaks in nearby,26,9.0,16.2,279,W,0.0,0,7.2
Tirur,India,10.9,75.9167,2026-05-08 16:49,Day,31.3,37.5,67,1004.0,Sunny,19,10.0,18.4,296,WNW,0.0,0,1.9
Tirur,India,10.9,75.9167,2026-05-08 19:25,Night,29.3,34.9,78,1007.0,Patchy light rain in area with thunder,89,10.0,9.7,298,WNW,0.23,1,0.0
Tirur,India,10.9,75.9167,2026-05-08 20:56,Night,28.2,33.1,82,1007.0,Light rain shower,52,10.0,8.3,294,WNW,0.81,1,0.0
Tirur,India,10.9,75.9167,2026-05-08 22:51,Night,27.3,31.7,85,1009.0,Light rain shower,89,10.0,4.0,176,S,0.92,1,0.0
Tirur,India,10.9,75.9167,2026-05-09 00:53,Night,26.8,30.7,86,1007.0,Cloudy,67,10.0,6.8,139,SE,0.0,0,0.0
Tirur,India,10.9,75.9167,2026-05-09 02:33,Night,24.7,27.3,90,1007.0,Light rain shower,56,10.0,5.8,81,E,1.45,1,0.0
Tirur,India,10.9,75.9167,2026-05-09 04:28,Night,24.5,27.1,92,1007.0,Patchy rain nearby,88,9.0,5.4,100,E,0.31,1,0.0
Tirur,India,10.9,75.9167,2026-05-09 05:32,Night,24.7,27.4,90,1007.0,Clear,22,10.0,5.8,89,E,0.0,0,0.0
Tirur,India,10.9,75.9167,2026-05-09 09:54,Day,28.8,32.8,73,1010.0,Sunny,15,10.0,3.6,257,WSW,0.0,0,5.5
Tirur,India,10.9,75.9167,2026-05-09 12:38,Day,30.4,35.3,67,1008.0,Light rain shower,73,10.0,9.4,240,WSW,0.83,1,10.9
Tirur,India,10.9,75.9167,2026-05-09 14:51,Day,30.2,35.5,70,1006.0,Partly Cloudy,30,10.0,15.8,280,W,0.0,0,2.8
Tirur,India,10.9,75.9167,2026-05-09 16:29,Day,30.1,35.8,73,1005.0,Light rain shower,83,10.0,18.0,298,WNW,1.59,1,1.4
Tirur,India,10.9,75.9167,2026-05-09 17:26,Day,29.1,34.5,78,1006.0,Patchy rain nearby,86,9.0,14.0,289,WNW,1.24,1,0.4
Tirur,India,10.9,75.9167,2026-05-09 19:11,Night,27.6,31.9,83,1008.0,Moderate rain,77,7.0,9.7,276,W,2.91,1,0.0
Tirur,India,10.9,75.9167,2026-05-09 20:23,Night,26.1,29.5,88,1009.0,Light rain shower,68,10.0,6.5,238,WSW,2.46,1,0.0
Tirur,India,10.9,75.9167,2026-05-09 21:25,Night,25.8,29.1,89,1010.0,Light rain shower,77,10.0,7.6,210,SSW,1.92,1,0.0
Tirur,India,10.9,75.9167,2026-05-09 22:29,Night,25.7,29.0,90,1010.0,Light rain shower,62,10.0,7.9,189,S,1.17,1,0.0
Tirur,India,10.9,75.9167,2026-05-09 23:27,Night,25.5,28.8,91,1010.0,Light rain shower,55,10.0,7.2,184,S,0.49,1,0.0
Tirur,India,10.9,75.9167,2026-05-10 00:45,Night,25.4,28.4,91,1008.0,Partly Cloudy,53,10.0,7.2,174,S,0.0,0,0.0
Tirur,India,10.9,75.9167,2026-05-10 02:18,Night,25.4,28.5,90,1007.0,Light rain shower,62,10.0,3.6,167,SSE,0.71,1,0.0
Tirur,India,10.9,75.9167,2026-05-10 03:19,Night,25.4,28.3,89,1007.0,Cloudy,71,10.0,3.6,119,ESE,0.0,0,0.0
Tirur,India,10.9,75.9167,2026-05-10 04:20,Night,25.3,28.2,90,1007.0,Partly Cloudy,48,10.0,3.6,37,NE,0.0,0,0.0
Tirur,India,10.9,75.9167,2026-05-10 05:21,Night,25.1,28.0,90,1007.0,Partly Cloudy,52,10.0,4.0,48,NE,0.0,0,0.0
Tirur,India,10.9,75.9167,2026-05-10 09:03,Day,28.8,33.1,74,1009.0,Partly Cloudy,53,10.0,3.6,15,NNE,0.0,0,5.6
Tirur,India,10.9,75.9167,2026-05-10 12:05,Day,31.8,37.4,62,1007.0,Sunny,17,10.0,9.7,248,WSW,0.0,0,12.3
Tirur,India,10.9,75.9167,2026-05-10 14:26,Day,30.4,35.5,68,1005.0,Patchy rain nearby,83,10.0,15.5,244,WSW,0.04,1,8.3
Tirur,India,10.9,75.9167,2026-05-10 15:48,Day,30.4,35.4,68,1005.0,Sunny,19,10.0,15.8,253,WSW,0.0,0,4.4
Tirur,India,10.9,75.9167,2026-05-10 17:24,Day,29.5,34.2,72,1006.0,Patchy rain nearby,74,10.0,12.2,254,WSW,0.09,1,0.6
Tirur,India,10.9,75.9167,2026-05-10 18:53,Night,28.6,33.1,77,1007.0,Patchy rain nearby,66,10.0,8.6,253,WSW,0.04,1,0.0
Tirur,India,10.9,75.9167,2026-05-10 20:26,Night,27.5,31.9,84,1008.0,Patchy rain nearby,85,9.0,4.3,277,W,0.47,1,0.0
Tirur,India,10.9,75.9167,2026-05-10 21:28,Night,27.3,31.6,85,1009.0,Patchy rain nearby,82,10.0,3.6,238,WSW,0.01,1,0.0
Tirur,India,10.9,75.9167,2026-05-10 22:35,Night,27.1,31.2,86,1009.0,Patchy rain nearby,86,9.0,3.6,207,SSW,0.36,1,0.0
Tirur,India,10.9,75.9167,2026-05-11 00:38,Night,26.6,30.6,88,1007.0,Partly Cloudy,46,10.0,5.8,146,SE,0.0,0,0.0
Tirur,India,10.9,75.9167,2026-05-11 02:21,Night,26.1,29.6,89,1006.0,Partly Cloudy,29,10.0,3.6,102,ESE,0.0,0,0.0
Tirur,India,10.9,75.9167,2026-05-11 03:20,Night,26.1,29.5,88,1006.0,Partly Cloudy,29,10.0,3.6,67,ENE,0.0,0,0.0
Tirur,India,10.9,75.9167,2026-05-11 04:22,Night,26.0,29.5,89,1006.0,Patchy rain nearby,79,9.0,4.0,41,NE,0.67,1,0.0
Tirur,India,10.9,75.9167,2026-05-11 05:25,Night,25.8,29.1,89,1007.0,Partly Cloudy,34,10.0,4.0,74,ENE,0.0,0,0.0
Tirur,India,10.9,75.9167,2026-05-11 09:16,Day,29.8,35.0,72,1009.0,Sunny,8,10.0,3.6,292,WNW,0.0,0,4.9
Tirur,India,10.9,75.9167,2026-05-11 13:14,Day,31.9,37.8,63,1006.0,Sunny,9,10.0,13.0,257,WSW,0.0,0,10.0
Tirur,India,10.9,75.9167,2026-05-11 16:56,Day,30.7,36.3,69,1006.0,Patchy rain nearby,83,10.0,15.8,272,W,0.01,1,2.0
Tirur,India,10.9,75.9167,2026-05-11 20:44,Night,27.6,32.1,84,1008.0,Moderate or heavy rain shower,85,7.0,5.4,320,NW,3.37,1,0.0
Tirur,India,10.9,75.9167,2026-05-11 23:25,Night,26.3,30.0,88,1009.0,Patchy rain nearby,78,10.0,8.3,186,S,0.14,1,0.0
Tirur,India,10.9,75.9167,2026-05-12 01:24,Night,25.6,28.7,90,1007.0,Patchy rain nearby,82,9.0,4.0,135,SE,0.16,1,0.0
Tirur,India,10.9,75.9167,2026-05-12 02:50,Night,26.0,29.4,89,1007.0,Patchy rain nearby,88,10.0,3.6,78,ENE,0.01,1,0.0
Tirur,India,10.9,75.9167,2026-05-12 04:26,Night,26.0,29.4,89,1006.0,Cloudy,81,10.0,3.6,10,N,0.0,0,0.0
Tirur,India,10.9,75.9167,2026-05-12 05:35,Night,26.2,29.8,88,1006.0,Overcast,100,10.0,3.6,350,N,0.0,0,0.0
Tirur,India,10.9,75.9167,2026-05-12 10:06,Day,28.9,34.5,81,1008.0,Patchy rain nearby,54,10.0,4.7,323,NW,0.01,1,4.1
Tirur,India,10.9,75.9167,2026-05-12 13:13,Day,31.7,38.4,67,1005.0,Patchy rain nearby,76,10.0,14.4,301,WNW,0.01,1,9.2
Tirur,India,10.9,75.9167,2026-05-12 16:04,Day,30.4,36.3,72,1004.0,Sunny,24,10.0,15.8,270,W,0.0,0,1.9
Tirur,India,10.9,75.9167,2026-05-12 18:35,Day,28.9,34.5,81,1006.0,Patchy rain nearby,78,9.0,11.2,280,W,1.89,1,0.0
Tirur,India,10.9,75.9167,2026-05-12 21:50,Night,27.4,32.1,87,1007.0,Patchy light rain in area with thunder,89,10.0,4.0,284,WNW,2.25,1,0.0
Tirur,India,10.9,75.9167,2026-05-13 00:28,Night,27.3,31.9,87,1006.0,Patchy light drizzle,82,5.0,3.6,285,WNW,0.39,1,0.0
Tirur,India,10.9,75.9167,2026-05-13 02:15,Night,27.2,31.7,87,1006.0,Patchy rain nearby,57,10.0,3.6,297,WNW,0.14,1,0.0
Tirur,India,10.9,75.9167,2026-05-13 03:42,Night,27.2,31.7,87,1005.0,Patchy rain nearby,73,10.0,4.7,296,WNW,0.01,1,0.0
Tirur,India,10.9,75.9167,2026-05-13 05:30,Night,26.3,30.1,90,1006.0,Patchy rain nearby,70,9.0,5.4,341,NNW,0.92,1,0.0
Tirur,India,10.9,75.9167,2026-05-13 10:18,Day,29.8,35.4,75,1008.0,Light rain shower,66,10.0,9.0,278,W,0.98,1,6.1
Tirur,India,10.9,75.9167,2026-05-13 13:20,Day,31.1,36.5,66,1006.0,Patchy rain nearby,75,10.0,14.4,265,W,0.05,1,9.7
Tirur,India,10.9,75.9167,2026-05-13 16:00,Day,30.2,35.1,69,1004.0,Patchy rain nearby,57,10.0,16.9,259,W,0.07,1,1.9
Tirur,India,10.9,75.9167,2026-05-13 18:42,Night,27.9,32.5,82,1006.0,Patchy rain nearby,76,9.0,11.9,278,W,0.29,1,0.0
Tirur,India,10.9,75.9167,2026-05-13 21:51,Night,27.4,31.9,86,1007.0,Patchy rain nearby,88,10.0,9.7,293,WNW,0.01,1,0.0
Tirur,India,10.9,75.9167,2026-05-14 00:28,Night,27.2,31.7,87,1005.0,Patchy rain nearby,85,10.0,7.9,318,NW,0.03,1,0.0
Tirur,India,10.9,75.9167,2026-05-14 02:19,Night,27.3,31.8,87,1005.0,Patchy rain nearby,83,10.0,8.6,323,NW,0.02,1,0.0
Tirur,India,10.9,75.9167,2026-05-14 03:44,Night,27.0,31.3,87,1004.0,Patchy rain nearby,79,10.0,8.6,330,NNW,0.02,1,0.0
Tirur,India,10.9,75.9167,2026-05-14 05:31,Night,26.7,30.7,88,1005.0,Partly Cloudy,29,10.0,9.4,332,NNW,0.0,0,0.0
Tirur,India,10.9,75.9167,2026-05-14 10:14,Day,30.6,36.2,69,1007.0,Sunny,17,10.0,11.2,304,NW,0.0,0,7.1
Tirur,India,10.9,75.9167,2026-05-14 13:14,Day,31.4,36.8,64,1005.0,Sunny,4,10.0,15.8,286,WNW,0.0,0,3.7
Tirur,India,10.9,75.9167,2026-05-14 15:50,Day,31.0,36.4,66,1004.0,Patchy rain nearby,89,10.0,15.8,281,WNW,0.02,1,4.3
Tirur,India,10.9,75.9167,2026-05-14 17:57,Day,29.9,35.3,72,1005.0,Patchy rain nearby,76,10.0,14.4,284,WNW,0.05,1,0.5
Tirur,India,10.9,75.9167,2026-05-14 20:51,Night,26.4,30.5,92,1006.0,Moderate or heavy rain shower,51,7.0,13.0,300,WNW,5.48,1,0.0
Tirur,India,10.9,75.9167,2026-05-14 23:23,Night,26.6,30.6,89,1007.0,Patchy rain nearby,85,10.0,12.2,304,NW,0.04,1,0.0
Tirur,India,10.9,75.9167,2026-05-15 01:18,Night,26.3,30.0,88,1006.0,Light rain shower,62,10.0,11.9,312,NW,0.47,1,0.0
Tirur,India,10.9,75.9167,2026-05-15 02:43,Night,26.0,29.4,89,1005.0,Patchy rain nearby,88,9.0,9.4,330,NNW,0.26,1,0.0
Tirur,India,10.9,75.9167,2026-05-15 04:28,Night,25.9,29.2,89,1005.0,Cloudy,74,10.0,9.7,332,NNW,0.0,0,0.0
Tirur,India,10.9,75.9167,2026-05-15 05:34,Night,25.7,29.0,90,1006.0,Patchy rain nearby,87,10.0,7.2,335,NNW,0.01,1,0.0
Tirur,India,10.9,75.9167,2026-05-15 10:22,Day,29.9,35.1,71,1008.0,Partly Cloudy,41,10.0,12.2,302,WNW,0.0,0,6.6
Tirur,India,10.9,75.9167,2026-05-15 13:23,Day,30.7,35.6,65,1005.0,Patchy rain nearby,89,9.0,16.2,290,WNW,0.19,1,9.1
Tirur,India,10.9,75.9167,2026-05-15 15:56,Day,30.8,35.7,65,1004.0,Patchy rain nearby,84,10.0,18.7,276,W,0.11,1,3.9
Tirur,India,10.9,75.9167,2026-05-15 18:25,Day,27.4,31.6,83,1006.0,Light rain shower,74,10.0,12.6,308,NW,1.09,1,0.0
Tirur,India,10.9,75.9167,2026-05-15 20:49,Night,25.7,28.8,89,1007.0,Patchy rain nearby,86,10.0,17.6,320,NW,0.03,1,0.0
Tirur,India,10.9,75.9167,2026-05-15 23:10,Night,25.6,28.5,88,1007.0,Patchy rain nearby,80,10.0,14.0,319,NW,0.02,1,0.0
Tirur,India,10.9,75.9167,2026-05-16 01:11,Night,25.4,28.2,87,1006.0,Partly Cloudy,53,10.0,11.5,327,NNW,0.0,0,0.0
Tirur,India,10.9,75.9167,2026-05-16 02:35,Night,25.6,28.4,86,1005.0,Partly Cloudy,57,10.0,9.0,331,NNW,0.0,0,0.0
Tirur,India,10.9,75.9167,2026-05-16 04:27,Night,25.7,28.7,87,1005.0,Patchy rain nearby,100,10.0,7.9,327,NNW,0.03,1,0.0
Tirur,India,10.9,75.9167,2026-05-16 05:29,Night,25.8,28.9,88,1006.0,Patchy rain nearby,100,10.0,7.6,339,NNW,0.03,1,0.0
Tirur,India,10.9,75.9167,2026-05-16 09:23,Day,27.9,32.9,85,1007.0,Overcast,88,10.0,6.5,330,NNW,0.0,0,2.7
Tirur,India,10.9,75.9167,2026-05-16 11:53,Day,29.1,34.7,79,1007.0,Patchy rain nearby,89,10.0,12.2,320,NW,0.03,1,9.0
Tirur,India,10.9,75.9167,2026-05-16 14:19,Day,30.3,35.4,68,1005.0,Patchy rain nearby,82,10.0,12.6,288,WNW,0.01,1,6.3
Tirur,India,10.9,75.9167,2026-05-16 15:48,Day,30.0,35.1,70,1005.0,Partly Cloudy,38,10.0,14.8,291,WNW,0.0,0,4.0
Tirur,India,10.9,75.9167,2026-05-16 17:23,Day,29.2,34.6,77,1004.0,Patchy rain nearby,89,10.0,13.3,288,WNW,0.04,1,0.5
Tirur,India,10.9,75.9167,2026-05-16 18:57,Night,27.7,32.5,85,1006.0,Patchy rain nearby,80,9.0,12.6,296,WNW,1.11,1,0.0
Tirur,India,10.9,75.9167,2026-05-16 20:29,Night,27.1,31.3,86,1007.0,Patchy rain nearby,89,10.0,15.8,308,NW,0.07,1,0.0
Tirur,India,10.9,75.9167,2026-05-16 21:34,Night,26.9,31.0,87,1008.0,Patchy rain nearby,73,9.0,16.2,319,NW,0.4,1,0.0
Tirur,India,10.9,75.9167,2026-05-16 23:26,Night,26.7,30.9,89,1007.0,Patchy rain nearby,60,10.0,11.5,319,NW,0.07,1,0.0
Tirur,India,10.9,75.9167,2026-05-17 00:42,Night,26.6,30.7,90,1006.0,Patchy rain nearby,67,10.0,9.7,333,NNW,0.01,1,0.0
Tirur,India,10.9,75.9167,2026-05-17 02:22,Night,26.6,30.6,89,1005.0,Partly Cloudy,50,10.0,11.2,329,NNW,0.0,0,0.0
Tirur,India,10.9,75.9167,2026-05-17 03:22,Night,26.5,30.4,89,1005.0,Partly Cloudy,47,10.0,9.7,322,NW,0.0,0,0.0
Tirur,India,10.9,75.9167,2026-05-17 04:20,Night,26.4,30.3,89,1005.0,Patchy rain nearby,58,10.0,11.2,316,NW,0.01,1,0.0
Tirur,India,10.9,75.9167,2026-05-17 05:25,Night,26.3,30.2,90,1005.0,Patchy rain nearby,60,10.0,10.1,325,NW,0.02,1,0.0
Tirur,India,10.9,75.9167,2026-05-17 09:16,Day,29.8,35.5,75,1008.0,Patchy rain nearby,88,10.0,8.3,314,NW,0.05,1,4.8
Tirur,India,10.9,75.9167,2026-05-17 12:16,Day,31.3,37.6,68,1007.0,Patchy rain nearby,78,10.0,14.0,275,W,0.02,1,11.1
Tirur,India,10.9,75.9167,2026-05-17 14:37,Day,29.8,35.2,73,1006.0,Patchy rain nearby,73,9.0,13.7,279,W,0.19,1,7.0
Tirur,India,10.9,75.9167,2026-05-17 16:39,Day,29.6,34.8,74,1006.0,Patchy rain nearby,70,10.0,16.9,270,W,0.02,1,2.0
Tirur,India,10.9,75.9167,2026-05-17 18:55,Night,28.3,33.1,81,1006.0,Patchy rain nearby,80,10.0,15.1,274,W,0.12,1,0.0
Tirur,India,10.9,75.9167,2026-05-17 20:29,Night,26.8,31.2,90,1007.0,Light rain shower,65,10.0,13.3,342,NNW,1.24,1,0.0
Tirur,India,10.9,75.9167,2026-05-17 21:34,Night,26.3,30.3,92,1008.0,Light rain shower,68,10.0,11.2,347,NNW,1.14,1,0.0
Tirur,India,10.9,75.9167,2026-05-17 23:29,Night,25.6,29.2,93,1008.0,Light rain shower,68,10.0,3.6,336,NNW,1.14,1,0.0
Tirur,India,10.9,75.9167,2026-05-18 00:52,Night,25.2,28.5,95,1007.0,Light rain,91,9.0,3.6,283,WNW,1.5,1,0.0
Tirur,India,10.9,75.9167,2026-05-18 02:26,Night,25.0,28.2,95,1007.0,Light rain,92,9.0,3.6,15,NNE,1.18,1,0.0
Tirur,India,10.9,75.9167,2026-05-18 03:29,Night,25.0,28.2,95,1007.0,Light drizzle,87,2.0,3.6,20,NNE,0.66,1,0.0
Tirur,India,10.9,75.9167,2026-05-18 04:31,Night,25.1,28.2,94,1007.0,Light rain shower,78,10.0,3.6,17,NNE,0.3,1,0.0
Tirur,India,10.9,75.9167,2026-05-18 09:25,Day,27.0,31.1,86,1009.0,Cloudy,78,10.0,3.6,316,NW,0.0,0,4.1
Tirur,India,10.9,75.9167,2026-05-18 13:38,Day,29.2,33.7,72,1008.0,Patchy rain nearby,70,10.0,9.0,244,WSW,0.05,1,6.5
Tirur,India,10.9,75.9167,2026-05-18 18:03,Day,27.5,31.6,82,1008.0,Patchy rain nearby,74,10.0,7.2,240,WSW,0.03,1,0.0
Tirur,India,10.9,75.9167,2026-05-18 21:55,Night,26.2,29.9,90,1009.0,Light rain shower,55,10.0,7.9,194,SSW,2.33,1,0.0
Tirur,India,10.9,75.9167,2026-05-19 00:22,Night,25.7,29.1,91,1008.0,Light rain,83,9.0,9.0,166,SSE,1.21,1,0.0
Tirur,India,10.9,75.9167,2026-05-19 01:55,Night,25.7,29.1,91,1008.0,Light rain,83,9.0,9.0,166,SSE,1.21,1,0.0
Tirur,India,10.9,75.9167,2026-05-19 03:34,Night,26.0,29.5,90,1007.0,Patchy rain nearby,75,10.0,10.1,149,SSE,0.05,1,0.0
Tirur,India,10.9,75.9167,2026-05-19 05:39,Night,25.8,29.2,90,1008.0,Light rain shower,66,10.0,10.8,141,SE,0.54,1,0.0
Tirur,India,10.9,75.9167,2026-05-19 10:33,Day,28.4,33.1,80,1010.0,Light rain shower,71,10.0,9.7,176,S,0.84,1,3.3
Tirur,India,10.9,75.9167,2026-05-19 15:20,Day,28.2,33.1,83,1008.0,Patchy light rain,63,9.0,12.6,221,SW,2.02,1,2.6
Tirur,India,10.9,75.9167,2026-05-19 18:11,Day,26.8,30.9,87,1008.0,Moderate or heavy rain shower,80,7.0,9.7,233,SW,3.68,1,0.0
Tirur,India,10.9,75.9167,2026-05-19 21:52,Night,26.5,30.2,88,1010.0,Moderate or heavy rain shower,64,7.0,8.6,241,WSW,2.53,1,0.0
Tirur,India,10.9,75.9167,2026-05-20 00:32,Night,25.4,28.6,92,1009.0,Light rain,76,9.0,9.7,281,WNW,1.72,1,0.0
Tirur,India,10.9,75.9167,2026-05-20 02:51,Night,25.3,28.5,92,1008.0,Light rain shower,85,10.0,7.9,285,WNW,1.66,1,0.0
Tirur,India,10.9,75.9167,2026-05-20 04:34,Night,25.1,28.0,91,1009.0,Light rain shower,88,10.0,3.6,21,NNE,1.59,1,0.0
Tirur,India,10.9,75.9167,2026-05-20 09:19,Day,25.0,27.9,93,1012.0,Patchy rain nearby,61,10.0,9.0,111,ESE,0.11,1,4.4
Tirur,India,10.9,75.9167,2026-05-20 13:17,Day,25.7,28.9,89,1010.0,Patchy light drizzle,67,5.0,4.3,176,S,0.31,1,9.5
Tirur,India,10.9,75.9167,2026-05-20 16:23,Day,25.5,28.5,89,1010.0,Light rain shower,55,10.0,8.6,284,WNW,0.53,1,2.1
Tirur,India,10.9,75.9167,2026-05-20 19:11,Night,24.6,27.2,91,1012.0,Patchy rain nearby,55,10.0,5.8,357,N,0.08,1,0.0
Tirur,India,10.9,75.9167,2026-05-20 22:25,Night,24.3,26.6,89,1012.0,Cloudy,64,10.0,3.6,35,NE,0.0,0,0.0
Tirur,India,10.9,75.9167,2026-05-21 00:57,Night,24.0,26.3,89,1010.0,Cloudy,63,10.0,3.6,10,N,0.0,0,0.0
Tirur,India,10.9,75.9167,2026-05-21 03:28,Night,23.9,26.2,90,1009.0,Patchy rain nearby,64,10.0,3.6,62,ENE,0.01,1,0.0
Tirur,India,10.9,75.9167,2026-05-21 04:51,Night,23.9,26.2,90,1010.0,Patchy rain nearby,60,10.0,3.6,77,ENE,0.01,1,0.0
Tirur,India,10.9,75.9167,2026-05-21 09:28,Day,27.5,31.2,79,1012.0,Partly Cloudy,42,10.0,3.6,340,NNW,0.0,0,4.5
Tirur,India,10.9,75.9167,2026-05-21 13:31,Day,29.7,34.0,68,1010.0,Partly Cloudy,25,10.0,11.2,269,W,0.0,0,9.5
Tirur,India,10.9,75.9167,2026-05-21 17:46,Day,27.9,32.7,84,1009.0,Moderate rain at times,87,8.0,10.4,263,W,2.76,1,0.5
Tirur,India,10.9,75.9167,2026-05-21 21:45,Night,26.8,30.8,87,1011.0,Patchy rain nearby,84,10.0,5.8,285,WNW,0.1,1,1.0
Tirur,India,10.9,75.9167,2026-05-22 00:28,Night,26.2,29.8,89,1009.0,Patchy rain nearby,55,10.0,4.3,304,NW,0.05,1,1.0
Tirur,India,10.9,75.9167,2026-05-22 02:24,Night,26.2,29.7,89,1009.0,Patchy rain nearby,77,10.0,5.8,302,WNW,0.11,1,1.0
Tirur,India,10.9,75.9167,2026-05-22 03:51,Night,26.2,29.6,89,1009.0,Patchy rain nearby,89,10.0,5.4,308,NW,0.03,1,1.0
Tirur,India,10.9,75.9167,2026-05-22 05:34,Night,26.0,29.4,89,1010.0,Light rain shower,64,10.0,4.0,315,NW,0.46,1,1.0
Tirur,India,10.9,75.9167,2026-05-22 10:33,Day,30.3,35.2,67,1012.0,Patchy rain nearby,58,10.0,9.7,226,SW,0.06,1,5.5
Tirur,India,10.9,75.9167,2026-05-22 15:01,Day,29.4,34.4,74,1009.0,Patchy rain nearby,87,9.0,16.9,263,W,0.32,1,3.6
Tirur,India,10.9,75.9167,2026-05-22 17:52,Day,28.4,33.0,79,1010.0,Patchy rain nearby,86,9.0,14.8,260,W,0.47,1,0.3
Tirur,India,10.9,75.9167,2026-05-22 21:19,Night,26.6,30.3,87,1013.0,Patchy light rain,51,9.0,7.6,233,SW,2.21,1,0.0
Tirur,India,10.9,75.9167,2026-05-22 23:24,Night,26.2,29.7,88,1012.0,Patchy light rain,69,9.0,5.4,221,SW,1.9,1,0.0
Tirur,India,10.9,75.9167,2026-05-23 01:20,Night,26.2,29.7,87,1011.0,Light rain shower,72,10.0,4.3,280,W,0.74,1,0.0
Tirur,India,10.9,75.9167,2026-05-23 02:42,Night,26.3,29.7,87,1011.0,Light rain shower,77,10.0,4.7,303,WNW,0.28,1,0.0
Tirur,India,10.9,75.9167,2026-05-23 04:32,Night,26.1,29.4,88,1011.0,Patchy rain nearby,83,10.0,3.6,357,N,0.1,1,0.0
Tirur,India,10.9,75.9167,2026-05-23 09:01,Day,28.7,33.6,78,1013.0,Patchy rain nearby,67,10.0,5.4,323,NW,0.01,1,4.5
Tirur,India,10.9,75.9167,2026-05-23 12:05,Day,30.6,36.0,68,1011.0,Patchy rain nearby,83,10.0,11.9,278,W,0.02,1,9.5
Tirur,India,10.9,75.9167,2026-05-23 14:32,Day,30.3,35.6,69,1010.0,Patchy rain nearby,73,9.0,15.1,284,WNW,0.21,1,6.8
Tirur,India,10.9,75.9167,2026-05-23 19:10,Night,27.5,31.7,83,1011.0,Patchy light rain,51,9.0,15.5,289,WNW,1.57,1,0.0
Tirur,India,10.9,75.9167,2026-05-23 20:33,Night,27.7,32.2,84,1011.0,Moderate rain at times,83,10.0,7.6,275,W,0.54,1,0.0
Tirur,India,10.9,75.9167,2026-05-23 22:31,Night,27.3,31.6,86,1012.0,Patchy rain nearby,82,9.0,9.0,275,W,0.78,1,0.0
Tirur,India,10.9,75.9167,2026-05-24 00:44,Night,27.0,30.9,85,1011.0,Patchy rain nearby,74,9.0,11.2,291,WNW,0.39,1,0.0
Tirur,India,10.9,75.9167,2026-05-24 02:26,Night,27.4,31.8,85,1011.0,Patchy rain nearby,86,9.0,12.2,302,WNW,0.53,1,0.0
Tirur,India,10.9,75.9167,2026-05-24 03:27,Night,27.1,31.4,86,1011.0,Patchy rain nearby,80,9.0,12.6,298,WNW,1.78,1,0.0
Tirur,India,10.9,75.9167,2026-05-24 04:31,Night,26.8,30.7,86,1011.0,Light rain shower,87,10.0,13.0,303,WNW,1.05,1,0.0
Tirur,India,10.9,75.9167,2026-05-24 09:22,Day,29.1,34.2,77,1013.0,Light rain shower,71,10.0,13.7,313,NW,0.26,1,4.1
Tirur,India,10.9,75.9167,2026-05-24 12:53,Day,30.4,35.9,70,1012.0,Patchy rain nearby,74,10.0,14.0,285,WNW,0.05,1,9.3
Tirur,India,10.9,75.9167,2026-05-24 15:27,Day,30.6,35.6,67,1010.0,Patchy rain nearby,71,10.0,16.2,284,WNW,0.07,1,4.1
Tirur,India,10.9,75.9167,2026-05-24 16:51,Day,30.0,35.0,70,1010.0,Light rain shower,57,10.0,16.6,291,WNW,0.15,1,1.9
Tirur,India,10.9,75.9167,2026-05-24 19:10,Night,27.0,31.0,86,1011.0,Patchy light rain,83,9.0,11.5,290,WNW,1.22,1,0.0
Tirur,India,10.9,75.9167,2026-05-24 20:35,Night,27.1,31.5,87,1011.0,Patchy rain nearby,82,9.0,7.9,312,NW,0.36,1,0.0
Tirur,India,10.9,75.9167,2026-05-24 22:34,Night,27.0,31.4,88,1012.0,Partly Cloudy,35,10.0,4.0,323,NW,0.0,0,0.0
Tirur,India,10.9,75.9167,2026-05-25 00:50,Night,26.4,30.4,90,1011.0,Patchy light rain,86,9.0,3.6,10,N,0.75,1,0.0
Tirur,India,10.9,75.9167,2026-05-25 02:28,Night,26.2,30.1,92,1010.0,Light rain shower,59,10.0,5.0,10,N,0.89,1,0.0
Tirur,India,10.9,75.9167,2026-05-25 03:34,Night,26.1,29.9,91,1010.0,Light rain shower,61,10.0,3.6,46,NE,0.18,1,0.0
Tirur,India,10.9,75.9167,2026-05-25 05:32,Night,25.7,29.3,94,1011.0,Patchy rain nearby,87,9.0,5.8,70,ENE,0.45,1,0.0
Tirur,India,10.9,75.9167,2026-05-25 10:51,Day,29.9,35.3,73,1012.0,Patchy rain nearby,70,10.0,13.3,299,WNW,0.01,1,4.2
Tirur,India,10.9,75.9167,2026-05-25 15:43,Day,30.3,35.8,71,1009.0,Light rain shower,89,10.0,16.2,274,W,0.77,1,4.6
Tirur,India,10.9,75.9167,2026-05-25 19:40,Night,26.9,30.8,86,1011.0,Patchy light drizzle,87,5.0,10.8,273,W,0.6,1,0.0
Tirur,India,10.9,75.9167,2026-05-25 22:37,Night,27.1,31.3,86,1012.0,Patchy rain nearby,80,10.0,8.3,280,W,0.02,1,0.0
Tirur,India,10.9,75.9167,2026-05-26 01:13,Night,26.9,30.9,87,1010.0,Patchy rain nearby,86,10.0,6.1,295,WNW,0.14,1,0.0
Tirur,India,10.9,75.9167,2026-05-26 02:41,Night,26.9,30.9,86,1010.0,Patchy rain nearby,88,10.0,6.1,276,W,0.1,1,0.0
Tirur,India,10.9,75.9167,2026-05-26 04:36,Night,26.7,30.5,87,1010.0,Patchy rain nearby,83,10.0,3.6,263,W,0.14,1,0.0
Tirur,India,10.9,75.9167,2026-05-26 09:19,Day,29.8,35.2,73,1012.0,Patchy rain nearby,83,9.0,5.0,285,WNW,0.18,1,4.8
Tirur,India,10.9,75.9167,2026-05-26 13:22,Day,30.9,35.8,64,1010.0,Sunny,20,10.0,11.2,259,W,0.0,0,9.7
Tirur,India,10.9,75.9167,2026-05-26 21:08,Night,27.6,32.1,84,1012.0,Patchy rain nearby,71,9.0,5.4,227,SW,1.85,1,0.0
Tirur,India,10.9,75.9167,2026-05-26 23:58,Night,27.2,31.2,85,1013.0,Patchy rain nearby,87,10.0,3.6,223,SW,0.01,1,0.0
Tirur,India,10.9,75.9167,2026-05-27 02:25,Night,26.9,30.9,86,1011.0,Patchy rain nearby,71,10.0,5.8,249,WSW,0.13,1,0.0
Tirur,India,10.9,75.9167,2026-05-27 03:51,Night,26.8,30.6,86,1011.0,Patchy light drizzle,75,5.0,4.7,239,WSW,0.31,1,0.0
Tirur,India,10.9,75.9167,2026-05-27 05:37,Night,26.8,30.5,86,1011.0,Patchy rain nearby,57,10.0,3.6,235,SW,0.14,1,0.0
Tirur,India,10.9,75.9167,2026-05-27 10:47,Day,30.3,35.5,69,1012.0,Patchy rain nearby,53,10.0,7.6,222,SW,0.03,1,6.5
Tirur,India,10.9,75.9167,2026-05-27 15:26,Day,30.5,35.4,67,1010.0,Patchy rain nearby,72,10.0,11.9,251,WSW,0.01,1,2.6
Tirur,India,10.9,75.9167,2026-05-27 18:25,Day,28.5,33.0,77,1011.0,Partly Cloudy,29,10.0,8.3,242,WSW,0.0,0,0.0
Tirur,India,10.9,75.9167,2026-05-27 22:09,Night,26.9,31.0,87,1012.0,Patchy rain nearby,70,10.0,6.5,180,S,0.08,1,0.0
Tirur,India,10.9,75.9167,2026-05-28 00:57,Night,26.5,30.2,88,1011.0,Patchy rain nearby,74,10.0,6.8,155,SSE,0.02,1,0.0
Tirur,India,10.9,75.9167,2026-05-28 03:29,Night,26.1,29.8,90,1011.0,Patchy rain nearby,76,10.0,6.5,132,SE,0.02,1,0.0
Tirur,India,10.9,75.9167,2026-05-28 04:53,Night,26.0,29.5,90,1011.0,Patchy rain nearby,50,10.0,6.1,123,SE,0.02,1,0.0
Tirur,India,10.9,75.9167,2026-05-28 09:22,Day,29.1,34.4,78,1013.0,Patchy rain nearby,63,10.0,9.7,150,SSE,0.04,1,4.5
Tirur,India,10.9,75.9167,2026-05-28 13:32,Day,30.1,35.6,72,1011.0,Patchy rain nearby,84,9.0,13.7,206,SSW,0.2,1,8.1
Tirur,India,10.9,75.9167,2026-05-28 17:59,Day,28.6,33.5,79,1009.0,Patchy light drizzle,59,5.0,15.5,224,SW,0.37,1,0.4
Tirur,India,10.9,75.9167,2026-05-28 22:25,Night,27.0,31.1,87,1012.0,Patchy rain nearby,72,10.0,7.9,202,SSW,0.12,1,0.0
Tirur,India,10.9,75.9167,2026-05-29 01:07,Night,26.7,30.6,87,1011.0,Patchy light drizzle,74,5.0,6.5,198,SSW,0.38,1,0.0
Tirur,India,10.9,75.9167,2026-05-29 03:26,Night,26.4,30.0,88,1011.0,Patchy light drizzle,86,5.0,4.7,171,S,0.25,1,0.0
Tirur,India,10.9,75.9167,2026-05-29 04:52,Night,26.2,29.8,88,1011.0,Patchy rain nearby,78,10.0,5.0,158,SSE,0.08,1,0.0
Tirur,India,10.9,75.9167,2026-05-29 09:23,Day,28.8,34.0,79,1013.0,Light rain shower,76,10.0,9.7,161,SSE,0.25,1,4.4
Tirur,India,10.9,75.9167,2026-05-29 13:29,Day,30.4,35.7,69,1011.0,Patchy rain nearby,80,10.0,11.9,204,SSW,0.09,1,8.8
Tirur,India,10.9,75.9167,2026-05-29 17:08,Day,28.7,33.1,76,1010.0,Patchy light drizzle,82,5.0,12.2,227,SW,0.2,1,0.5
Tirur,India,10.9,75.9167,2026-05-29 21:11,Night,26.6,30.2,87,1012.0,Patchy rain nearby,86,9.0,5.4,198,SSW,0.88,1,0.0
Tirur,India,10.9,75.9167,2026-05-30 00:05,Night,26.3,29.8,88,1010.0,Patchy light drizzle,51,5.0,3.6,190,S,0.21,1,0.0
Tirur,India,10.9,75.9167,2026-05-30 02:39,Night,25.9,29.5,91,1009.0,Patchy rain nearby,87,10.0,6.1,140,SE,0.06,1,0.0
Tirur,India,10.9,75.9167,2026-05-30 04:45,Night,25.8,29.1,90,1010.0,Patchy rain nearby,69,10.0,4.7,122,ESE,0.05,1,0.0
Tirur,India,10.9,75.9167,2026-05-30 09:08,Day,28.9,34.0,78,1012.0,Patchy rain nearby,60,10.0,7.2,150,SSE,0.02,1,4.1
Tirur,India,10.9,75.9167,2026-05-30 12:18,Day,30.2,35.5,70,1011.0,Patchy rain nearby,54,10.0,11.9,214,SW,0.02,1,9.6
Tirur,India,10.9,75.9167,2026-05-30 16:52,Day,29.7,34.7,72,1009.0,Patchy rain nearby,73,10.0,10.8,221,SW,0.03,1,1.8
Tirur,India,10.9,75.9167,2026-05-30 19:13,Night,27.6,32.1,84,1009.0,Patchy rain nearby,85,10.0,11.5,215,SW,0.03,1,0.0
Tirur,India,10.9,75.9167,2026-05-30 20:40,Night,26.7,30.6,87,1011.0,Moderate or heavy rain shower,82,7.0,3.6,191,SSW,3.26,1,0.0
Tirur,India,10.9,75.9167,2026-05-30 22:40,Night,26.3,29.9,88,1012.0,Light rain shower,70,10.0,5.4,195,SSW,0.9,1,0.0
Tirur,India,10.9,75.9167,2026-05-31 00:50,Night,26.3,29.8,87,1011.0,Patchy rain nearby,57,10.0,3.6,181,S,0.1,1,0.0
Tirur,India,10.9,75.9167,2026-05-31 04:29,Night,26.4,30.1,88,1010.0,Patchy rain nearby,60,10.0,3.6,297,WNW,0.04,1,0.0
Tirur,India,10.9,75.9167,2026-05-31 05:40,Night,26.3,29.9,89,1010.0,Patchy rain nearby,71,10.0,3.6,342,NNW,0.03,1,0.0
Tirur,India,10.9,75.9167,2026-05-31 10:50,Day,30.4,35.9,70,1012.0,Patchy rain nearby,65,10.0,7.2,281,WNW,0.06,1,7.1
Tirur,India,10.9,75.9167,2026-05-31 14:19,Day,30.5,36.1,70,1009.0,Patchy rain nearby,77,9.0,12.2,253,WSW,0.2,1,6.8
Tirur,India,10.9,75.9167,2026-05-31 16:29,Day,29.9,35.2,73,1009.0,Patchy rain nearby,77,9.0,11.2,249,WSW,1.21,1,1.9
Tirur,India,10.9,75.9167,2026-05-31 17:46,Day,29.0,34.0,76,1009.0,Patchy rain nearby,80,9.0,11.9,237,WSW,0.89,1,0.5
Tirur,India,10.9,75.9167,2026-05-31 20:18,Night,26.9,30.8,86,1011.0,Light rain shower,85,10.0,5.8,223,SW,2.41,1,0.0
Tirur,India,10.9,75.9167,2026-05-31 21:42,Night,26.7,30.5,86,1012.0,Moderate rain at times,73,8.0,4.3,200,SSW,3.25,1,0.0
Tirur,India,10.9,75.9167,2026-05-31 23:35,Night,26.9,30.6,84,1012.0,Patchy rain nearby,60,10.0,3.6,207,SSW,0.04,1,0.0
Tirur,India,10.9,75.9167,2026-06-01 01:43,Night,26.4,29.9,86,1011.0,Patchy rain nearby,84,10.0,3.6,134,SE,0.01,1,0.0
Tirur,India,10.9,75.9167,2026-06-01 03:32,Night,26.1,29.5,88,1010.0,Patchy light drizzle,52,5.0,4.0,122,ESE,0.65,1,0.0
Tirur,India,10.9,75.9167,2026-06-01 05:38,Night,25.6,28.8,90,1011.0,Light drizzle,91,2.0,3.6,60,ENE,0.64,1,0.0
Tirur,India,10.9,75.9167,2026-06-01 11:35,Day,28.1,32.2,78,1012.0,Patchy rain nearby,73,10.0,5.4,284,WNW,0.01,1,9.5
Tirur,India,10.9,75.9167,2026-06-01 18:09,Day,27.3,30.7,82,1011.0,Overcast,99,10.0,6.8,312,NW,0.0,0,0.0
Tirur,India,10.9,75.9167,2026-06-02 00:10,Night,26.5,27.1,87,1010.0,Patchy rain nearby,55,10.0,5.8,300,WNW,0.07,1,0.0
Tirur,India,10.9,75.9167,2026-06-02 03:41,Night,26.4,26.4,87,1010.0,Patchy light drizzle,50,5.0,7.9,279,W,0.59,1,0.0
Tirur,India,10.9,75.9167,2026-06-02 05:45,Night,25.9,23.9,89,1010.0,Patchy light rain,73,9.0,5.4,307,NW,1.12,1,0.0
Tirur,India,10.9,75.9167,2026-06-02 11:20,Day,29.6,34.4,71,1011.0,Light rain shower,72,10.0,12.6,273,W,0.48,1,8.9
Tirur,India,10.9,75.9167,2026-06-02 15:58,Day,27.9,31.8,80,1009.0,Light rain shower,85,10.0,18.0,300,WNW,0.24,1,4.0
Tirur,India,10.9,75.9167,2026-06-02 20:25,Night,26.1,24.5,84,1010.0,Cloudy,68,10.0,8.6,320,NW,0.0,0,0.0
Tirur,India,10.9,75.9167,2026-06-03 00:11,Night,25.5,22.6,89,1009.0,Light rain,100,9.0,3.6,204,SSW,1.26,1,0.0
Tirur,India,10.9,75.9167,2026-06-03 03:19,Night,25.3,21.5,89,1008.0,Light rain,100,9.0,4.3,164,SSE,0.93,1,0.0
Tirur,India,10.9,75.9167,2026-06-03 05:18,Night,25.3,21.0,90,1009.0,Light rain,100,9.0,5.4,165,SSE,0.78,1,0.0
Tirur,India,10.9,75.9167,2026-06-03 09:52,Day,27.4,30.5,78,1012.0,Patchy light rain,57,9.0,5.0,218,SW,1.08,1,2.4
Tirur,India,10.9,75.9167,2026-06-03 14:58,Day,29.4,33.2,68,1008.0,Patchy rain nearby,87,10.0,11.2,276,W,0.14,1,8.0
Tirur,India,10.9,75.9167,2026-06-03 20:13,Night,26.1,24.7,83,1010.0,Light rain shower,52,10.0,7.2,301,WNW,0.64,1,0.0
Tirur,India,10.9,75.9167,2026-06-04 00:15,Night,25.7,22.5,88,1009.0,Light rain shower,75,10.0,7.6,271,W,1.58,1,0.0
Tirur,India,10.9,75.9167,2026-06-04 03:20,Night,25.5,21.7,88,1008.0,Light rain shower,58,10.0,6.8,275,W,1.94,1,0.0
Tirur,India,10.9,75.9167,2026-06-04 05:16,Night,25.4,21.2,89,1009.0,Light rain shower,59,10.0,7.2,276,W,2.39,1,0.0
Tirur,India,10.9,75.9167,2026-06-04 09:46,Day,28.1,32.0,77,1011.0,Light rain shower,54,10.0,5.4,229,SW,1.32,1,5.0
Tirur,India,10.9,75.9167,2026-06-04 14:20,Day,28.8,33.1,74,1009.0,Light rain shower,58,10.0,11.5,269,W,1.01,1,7.0
Tirur,India,10.9,75.9167,2026-06-04 17:26,Day,27.4,31.2,83,1009.0,Patchy light rain,73,9.0,10.8,279,W,0.91,1,0.4
Tirur,India,10.9,75.9167,2026-06-04 20:59,Night,25.9,24.2,88,1010.0,Patchy rain nearby,89,9.0,3.6,298,WNW,0.53,1,0.0
Tirur,India,10.9,75.9167,2026-06-04 23:49,Night,25.8,23.8,89,1010.0,Patchy light rain,51,9.0,4.0,265,W,1.09,1,0.0
Tirur,India,10.9,75.9167,2026-06-05 02:28,Night,25.5,21.8,90,1009.0,Light rain shower,56,10.0,7.9,281,WNW,1.38,1,0.0
Tirur,India,10.9,75.9167,2026-06-05 03:56,Night,25.6,22.1,89,1008.0,Patchy light rain,58,9.0,9.7,276,W,2.01,1,0.0
Tirur,India,10.9,75.9167,2026-06-05 05:41,Night,25.6,22.0,90,1009.0,Patchy light rain,60,9.0,9.0,276,W,2.38,1,0.0
Tirur,India,10.9,75.9167,2026-06-05 10:50,Day,28.1,32.6,81,1011.0,Light rain shower,67,10.0,10.8,269,W,1.21,1,5.4
Tirur,India,10.9,75.9167,2026-06-05 15:25,Day,28.3,33.0,80,1009.0,Patchy light rain,68,9.0,12.2,282,WNW,1.21,1,2.4
Tirur,India,10.9,75.9167,2026-06-05 18:10,Day,26.3,25.8,88,1009.0,Light rain shower,65,10.0,10.1,294,WNW,1.71,1,0.0
Tirur,India,10.9,75.9167,2026-06-05 21:26,Night,25.8,23.7,89,1010.0,Light rain shower,86,10.0,4.7,313,NW,0.16,1,0.0
Tirur,India,10.9,75.9167,2026-06-05 23:29,Night,25.7,23.1,90,1010.0,Patchy rain nearby,68,10.0,4.0,296,WNW,0.13,1,0.0
Tirur,India,10.9,75.9167,2026-06-06 01:35,Night,25.3,21.4,91,1009.0,Patchy rain nearby,79,9.0,4.7,269,W,0.88,1,0.0
Tirur,India,10.9,75.9167,2026-06-06 03:46,Night,25.2,20.6,90,1009.0,Patchy light rain,60,9.0,5.4,240,WSW,2.48,1,0.0
Tirur,India,10.9,75.9167,2026-06-06 05:38,Night,25.3,20.8,90,1009.0,Moderate rain at times,79,8.0,7.9,239,WSW,2.95,1,0.0
Tirur,India,10.9,75.9167,2026-06-06 10:24,Day,27.7,31.9,83,1012.0,Moderate or heavy rain shower,62,7.0,11.9,238,WSW,2.86,1,5.5
Tirur,India,10.9,75.9167,2026-06-06 13:17,Day,27.1,30.4,85,1010.0,Moderate rain at times,55,8.0,13.7,248,WSW,3.77,1,2.6
Tirur,India,10.9,75.9167,2026-06-06 15:36,Day,25.5,21.6,88,1010.0,Patchy rain nearby,81,9.0,9.4,322,NW,0.54,1,1.2
Tirur,India,10.9,75.9167,2026-06-06 17:36,Day,25.1,20.2,90,1010.0,Patchy rain nearby,53,10.0,6.8,351,N,0.14,1,0.2
Tirur,India,10.9,75.9167,2026-06-06 20:12,Night,24.6,19.7,90,1012.0,Patchy rain nearby,79,9.0,5.0,10,N,0.23,1,0.0
Tirur,India,10.9,75.9167,2026-06-06 21:37,Night,25.1,20.8,88,1012.0,Light rain shower,66,10.0,3.6,291,WNW,0.75,1,0.0
Tirur,India,10.9,75.9167,2026-06-06 23:37,Night,25.1,20.2,88,1012.0,Light rain shower,100,10.0,6.5,253,WSW,1.08,1,0.0
Tirur,India,10.9,75.9167,2026-06-07 01:40,Night,25.3,20.9,88,1010.0,Light rain,96,9.0,7.6,240,WSW,1.12,1,0.0
Tirur,India,10.9,75.9167,2026-06-07 03:34,Night,25.1,19.6,91,1009.0,Light rain shower,100,10.0,10.1,233,SW,1.48,1,0.0
Tirur,India,10.9,75.9167,2026-06-07 05:36,Night,25.4,20.8,90,1010.0,Light rain shower,100,10.0,10.1,242,WSW,1.53,1,0.0
Tirur,India,10.9,75.9167,2026-06-07 10:53,Day,27.5,31.2,83,1012.0,Light rain shower,100,10.0,14.4,268,W,1.89,1,3.0
Tirur,India,10.9,75.9167,2026-06-07 14:46,Day,27.1,30.6,86,1010.0,Light rain shower,100,10.0,16.6,278,W,2.02,1,4.3
Tirur,India,10.9,75.9167,2026-06-07 17:19,Day,26.7,28.1,86,1011.0,Light rain,100,9.0,19.1,276,W,1.53,1,0.3
Tirur,India,10.9,75.9167,2026-06-07 19:28,Night,26.2,24.6,86,1011.0,Light rain,100,9.0,17.3,275,W,1.52,1,0.0
Tirur,India,10.9,75.9167,2026-06-07 21:08,Night,25.7,21.7,89,1013.0,Light rain,84,9.0,14.4,268,W,2.15,1,0.0
Tirur,India,10.9,75.9167,2026-06-07 22:50,Night,25.5,20.6,89,1013.0,Light rain shower,85,10.0,14.4,272,W,1.68,1,0.0
Tirur,India,10.9,75.9167,2026-06-08 00:56,Night,25.2,19.9,90,1011.0,Light rain,96,9.0,11.2,277,W,1.48,1,0.0
Tirur,India,10.9,75.9167,2026-06-08 02:45,Night,25.1,19.6,90,1010.0,Light rain shower,96,10.0,10.1,273,W,1.18,1,0.0
Tirur,India,10.9,75.9167,2026-06-08 04:38,Night,25.3,20.9,92,1010.0,Light rain shower,96,10.0,8.3,260,W,2.23,1,0.0
Tirur,India,10.9,75.9167,2026-06-08 09:45,Day,25.7,23.3,90,1013.0,Light rain shower,60,10.0,5.0,261,W,1.34,1,1.1
Tirur,India,10.9,75.9167,2026-06-08 14:54,Day,27.6,31.2,81,1011.0,Light rain shower,72,10.0,13.7,267,W,1.92,1,1.8
Tirur,India,10.9,75.9167,2026-06-08 19:41,Night,25.8,22.3,89,1012.0,Moderate or heavy rain shower,76,7.0,16.6,281,W,3.5,1,0.0
Tirur,India,10.9,75.9167,2026-06-08 23:25,Night,25.4,20.5,91,1013.0,Light rain,82,9.0,10.8,259,W,1.89,1,0.0
Tirur,India,10.9,75.9167,2026-06-09 01:55,Night,25.5,21.2,91,1011.0,Light rain,92,9.0,11.2,281,W,1.91,1,0.0
Tirur,India,10.9,75.9167,2026-06-09 04:10,Night,25.4,21.4,91,1010.0,Light rain shower,62,10.0,7.6,240,WSW,2.24,1,0.0
Tirur,India,10.9,75.9167,2026-06-09 05:39,Night,25.5,21.6,91,1011.0,Light rain shower,72,10.0,7.9,232,SW,1.87,1,0.0
Tirur,India,10.9,75.9167,2026-06-09 10:38,Day,27.2,30.9,86,1012.0,Light rain shower,84,10.0,10.8,274,W,1.61,1,6.6
Tirur,India,10.9,75.9167,2026-06-09 15:20,Day,28.3,32.1,75,1010.0,Light rain shower,67,10.0,13.0,278,W,0.23,1,4.9
Tirur,India,10.9,75.9167,2026-06-09 18:09,Day,25.9,23.7,87,1010.0,Light rain shower,100,10.0,9.7,295,WNW,0.58,1,0.0
Tirur,India,10.9,75.9167,2026-06-09 21:27,Night,25.5,21.1,91,1012.0,Patchy light rain,76,9.0,11.9,299,WNW,1.3,1,0.0
Tirur,India,10.9,75.9167,2026-06-09 23:44,Night,25.4,20.8,91,1012.0,Light rain,86,9.0,11.9,305,NW,1.33,1,0.0
Tirur,India,10.9,75.9167,2026-06-10 02:29,Night,25.0,19.6,92,1011.0,Light rain shower,79,10.0,7.9,293,WNW,2.09,1,0.0
Tirur,India,10.9,75.9167,2026-06-10 04:14,Night,25.0,19.8,92,1011.0,Patchy rain nearby,100,10.0,6.8,343,NNW,0.11,1,0.0
Tirur,India,10.9,75.9167,2026-06-10 05:46,Night,24.9,19.7,93,1011.0,Patchy rain nearby,55,10.0,5.8,357,N,0.09,1,0.0
Tirur,India,10.9,75.9167,2026-06-10 10:51,Day,26.0,24.6,87,1013.0,Patchy rain nearby,70,10.0,3.6,285,WNW,0.04,1,3.0
Tirur,India,10.9,75.9167,2026-06-10 15:36,Day,28.7,32.3,71,1010.0,Patchy rain nearby,53,10.0,15.1,296,WNW,0.03,1,4.4
Tirur,India,10.9,75.9167,2026-06-10 19:54,Night,26.4,26.5,86,1011.0,Patchy rain nearby,81,9.0,11.9,289,WNW,0.28,1,0.0
Tirur,India,10.9,75.9167,2026-06-10 23:31,Night,26.1,24.4,87,1011.0,Overcast,100,10.0,9.4,324,NW,0.0,0,0.0
Tirur,India,10.9,75.9167,2026-06-11 02:56,Night,25.8,23.4,88,1009.0,Patchy rain nearby,73,10.0,6.8,327,NNW,0.01,1,0.0
Tirur,India,10.9,75.9167,2026-06-11 04:57,Night,25.5,22.1,89,1009.0,Patchy light drizzle,82,5.0,5.8,329,NNW,0.23,1,0.0
Tirur,India,10.9,75.9167,2026-06-11 09:41,Day,28.6,32.8,75,1011.0,Patchy rain nearby,85,10.0,8.6,312,NW,0.1,1,4.3
Tirur,India,10.9,75.9167,2026-06-11 14:42,Day,30.0,34.1,66,1008.0,Partly Cloudy,34,10.0,12.2,271,W,0.0,0,6.2
Tirur,India,10.9,75.9167,2026-06-11 19:31,Night,26.9,29.1,82,1010.0,Clear,25,10.0,9.7,285,WNW,0.0,0,0.0
Tirur,India,10.9,75.9167,2026-06-11 23:46,Night,26.3,26.0,87,1011.0,Light rain shower,57,10.0,7.6,294,WNW,0.7,1,0.0
Tirur,India,10.9,75.9167,2026-06-12 02:53,Night,25.8,22.7,86,1010.0,Light rain shower,73,10.0,10.8,297,WNW,1.77,1,0.0
Tirur,India,10.9,75.9167,2026-06-12 04:55,Night,25.2,19.6,88,1010.0,Patchy rain nearby,70,9.0,13.0,308,NW,0.51,1,0.0
Tirur,India,10.9,75.9167,2026-06-12 09:43,Day,26.5,27.0,85,1012.0,Patchy light rain,51,9.0,5.8,288,WNW,1.18,1,4.5
Tirur,India,10.9,75.9167,2026-06-12 14:29,Day,28.5,32.1,73,1010.0,Patchy rain nearby,84,10.0,11.9,295,WNW,0.1,1,5.9
Tirur,India,10.9,75.9167,2026-06-12 17:56,Day,27.9,30.5,70,1010.0,Partly Cloudy,29,10.0,8.6,308,NW,0.0,0,0.6
Tirur,India,10.9,75.9167,2026-06-12 21:51,Night,25.8,23.6,84,1013.0,Patchy light drizzle,72,5.0,4.0,245,WSW,0.49,1,0.0
Tirur,India,10.9,75.9167,2026-06-13 00:36,Night,25.3,21.8,85,1011.0,Patchy rain nearby,85,10.0,3.6,294,WNW,0.08,1,0.0
Tirur,India,10.9,75.9167,2026-06-13 03:18,Night,25.0,19.9,89,1011.0,Light rain shower,52,10.0,5.4,308,NW,0.56,1,0.0
Tirur,India,10.9,75.9167,2026-06-13 04:50,Night,24.9,20.2,88,1011.0,Light rain shower,55,10.0,3.6,285,WNW,0.5,1,0.0
Tirur,India,10.9,75.9167,2026-06-13 09:30,Day,28.0,31.4,76,1013.0,Patchy rain nearby,84,9.0,6.5,296,WNW,0.32,1,4.4
Tirur,India,10.9,75.9167,2026-06-13 13:51,Day,28.5,32.2,74,1011.0,Patchy light rain,72,9.0,12.2,259,W,0.83,1,8.5
Tirur,India,10.9,75.9167,2026-06-13 16:45,Day,26.9,29.2,84,1010.0,Light rain shower,51,10.0,13.0,279,W,1.32,1,1.6
Tirur,India,10.9,75.9167,2026-06-13 19:33,Night,25.8,22.6,88,1012.0,Patchy light rain,64,9.0,11.5,298,WNW,1.45,1,0.0
Tirur,India,10.9,75.9167,2026-06-13 21:43,Night,25.8,23.3,87,1012.0,Patchy rain nearby,77,9.0,8.3,295,WNW,0.69,1,0.0
Tirur,India,10.9,75.9167,2026-06-13 23:39,Night,25.6,22.4,89,1012.0,Patchy rain nearby,82,9.0,5.0,286,WNW,0.71,1,0.0
Tirur,India,10.9,75.9167,2026-06-14 01:47,Night,25.4,21.3,88,1011.0,Patchy light drizzle,84,5.0,7.6,272,W,0.55,1,0.0
Tirur,India,10.9,75.9167,2026-06-14 03:35,Night,25.6,22.3,87,1010.0,Patchy light rain,88,9.0,6.5,309,NW,0.94,1,0.0
Tirur,India,10.9,75.9167,2026-06-14 05:38,Night,25.3,21.3,88,1011.0,Patchy rain nearby,83,9.0,5.4,321,NW,1.29,1,0.0
Tirur,India,10.9,75.9167,2026-06-14 11:20,Day,29.0,33.1,72,1012.0,Patchy light rain,66,9.0,15.5,295,WNW,1.47,1,8.8
Tirur,India,10.9,75.9167,2026-06-14 15:08,Day,28.2,31.7,74,1010.0,Patchy rain nearby,85,9.0,15.1,297,WNW,0.3,1,3.8
Tirur,India,10.9,75.9167,2026-06-14 17:28,Day,27.6,30.9,78,1010.0,Light rain shower,63,10.0,14.0,302,WNW,0.22,1,0.2
Tirur,India,10.9,75.9167,2026-06-14 19:51,Night,26.3,25.4,84,1011.0,Patchy rain nearby,81,10.0,10.8,308,NW,0.05,1,0.0
Tirur,India,10.9,75.9167,2026-06-14 21:54,Night,26.4,26.2,87,1012.0,Patchy rain nearby,71,9.0,10.4,311,NW,0.37,1,0.0
Tirur,India,10.9,75.9167,2026-06-14 23:44,Night,26.2,25.3,87,1011.0,Patchy rain nearby,83,10.0,10.8,313,NW,0.03,1,0.0
Tirur,India,10.9,75.9167,2026-06-15 01:48,Night,26.0,24.0,88,1010.0,Partly Cloudy,35,10.0,10.1,310,NW,0.0,0,0.0
Tirur,India,10.9,75.9167,2026-06-15 03:43,Night,26.1,24.5,89,1009.0,Patchy rain nearby,77,10.0,10.1,310,NW,0.09,1,0.0
Tirur,India,10.9,75.9167,2026-06-15 05:44,Night,25.8,22.8,90,1009.0,Patchy rain nearby,72,10.0,9.4,319,NW,0.11,1,0.0
Tirur,India,10.9,75.9167,2026-06-15 11:57,Day,30.1,35.3,70,1011.0,Patchy rain nearby,70,10.0,17.3,303,WNW,0.04,1,9.8
Tirur,India,10.9,75.9167,2026-06-15 18:47,Day,27.9,32.3,82,1009.0,Partly Cloudy,25,10.0,18.4,302,WNW,0.0,0,0.0
Tirur,India,10.9,75.9167,2026-06-16 00:10,Night,26.9,30.3,88,1009.0,Patchy rain nearby,80,9.0,13.0,303,WNW,0.17,1,0.0
Tirur,India,10.9,75.9167,2026-06-16 03:15,Night,26.6,27.6,88,1009.0,Patchy rain nearby,76,10.0,13.0,309,NW,0.01,1,0.0
Tirur,India,10.9,75.9167,2026-06-16 05:18,Night,26.4,26.0,89,1009.0,Patchy rain nearby,56,10.0,12.2,311,NW,0.06,1,0.0
Tirur,India,10.9,75.9167,2026-06-16 09:56,Day,28.9,33.8,77,1012.0,Patchy rain nearby,64,10.0,15.5,313,NW,0.11,1,4.8
Tirur,India,10.9,75.9167,2026-06-16 15:40,Day,29.9,34.9,71,1008.0,Patchy rain nearby,81,10.0,19.4,291,WNW,0.01,1,4.3
Tirur,India,10.9,75.9167,2026-06-16 21:26,Night,27.4,31.8,88,1011.0,Light rain shower,51,10.0,13.0,295,WNW,0.2,1,0.0
Tirur,India,10.9,75.9167,2026-06-17 01:11,Night,27.0,30.4,88,1009.0,Patchy light drizzle,69,5.0,14.8,293,WNW,0.56,1,0.0
Tirur,India,10.9,75.9167,2026-06-17 03:43,Night,26.7,28.6,87,1009.0,Patchy light rain,59,9.0,14.4,291,WNW,1.05,1,0.0
Tirur,India,10.9,75.9167,2026-06-17 05:49,Night,26.6,27.1,87,1010.0,Patchy light drizzle,69,5.0,15.1,294,WNW,0.61,1,0.0
Tirur,India,10.9,75.9167,2026-06-17 11:45,Day,29.5,33.7,69,1011.0,Patchy rain nearby,79,10.0,17.3,292,WNW,0.09,1,9.1
Tirur,India,10.9,75.9167,2026-06-17 17:20,Day,27.1,30.0,81,1010.0,Light rain shower,56,10.0,16.2,294,WNW,0.38,1,0.4
Tirur,India,10.9,75.9167,2026-06-17 21:08,Night,26.6,27.5,85,1011.0,Patchy rain nearby,82,10.0,7.9,313,NW,0.15,1,0.0
Tirur,India,10.9,75.9167,2026-06-17 23:51,Night,26.4,26.6,86,1011.0,Patchy rain nearby,74,10.0,7.2,317,NW,0.03,1,0.0
Tirur,India,10.9,75.9167,2026-06-18 02:39,Night,26.2,25.1,89,1009.0,Thundery outbreaks in nearby,86,9.0,10.4,308,NW,0.03,1,0.0
Tirur,India,10.9,75.9167,2026-06-18 04:57,Night,26.3,25.7,88,1009.0,Light rain shower,53,10.0,11.2,295,WNW,0.9,1,0.0
Tirur,India,10.9,75.9167,2026-06-18 09:42,Day,25.8,22.7,89,1012.0,Moderate or heavy rain shower,62,7.0,9.7,300,WNW,3.43,1,4.3
Tirur,India,10.9,75.9167,2026-06-18 14:45,Day,28.7,32.5,72,1009.0,Light rain shower,81,10.0,16.2,298,WNW,1.69,1,1.5
Tirur,India,10.9,75.9167,2026-06-18 18:25,Day,26.8,28.5,84,1010.0,Thundery outbreaks in nearby,72,9.0,9.7,297,WNW,0.13,1,0.0
Tirur,India,10.9,75.9167,2026-06-18 22:06,Night,24.5,18.3,90,1012.0,Partly Cloudy,47,10.0,11.5,342,NNW,0.0,0,0.0
Tirur,India,10.9,75.9167,2026-06-19 01:01,Night,24.2,18.7,91,1010.0,Patchy rain nearby,71,10.0,7.9,339,NNW,0.04,1,0.0
Tirur,India,10.9,75.9167,2026-06-19 03:41,Night,24.6,19.2,91,1009.0,Patchy rain nearby,87,10.0,7.2,309,NW,0.02,1,0.0
Tirur,India,10.9,75.9167,2026-06-19 07:14,Day,25.2,20.4,89,1011.0,Light rain shower,83,10.0,6.1,340,NNW,0.18,1,0.4
Tirur,India,10.9,75.9167,2026-06-19 12:39,Day,29.7,33.2,65,1010.0,Partly Cloudy,29,10.0,11.9,294,WNW,0.0,0,9.8
Tirur,India,10.9,75.9167,2026-06-19 17:38,Day,26.0,24.2,84,1010.0,Patchy rain nearby,77,10.0,7.2,326,NNW,0.01,1,0.4
Tirur,India,10.9,75.9167,2026-06-19 21:36,Night,26.3,25.8,86,1011.0,Partly Cloudy,49,10.0,4.7,295,WNW,0.0,0,0.0
Tirur,India,10.9,75.9167,2026-06-20 00:26,Night,26.2,25.5,85,1010.0,Patchy rain nearby,88,10.0,3.6,261,W,0.01,1,0.0
Tirur,India,10.9,75.9167,2026-06-20 02:10,Night,25.7,23.0,86,1010.0,Partly Cloudy,39,10.0,3.6,278,W,0.0,0,0.0
Tirur,India,10.9,75.9167,2026-06-20 03:35,Night,25.5,22.5,86,1010.0,Partly Cloudy,42,10.0,3.6,297,WNW,0.0,0,0.0
Tirur,India,10.9,75.9167,2026-06-20 05:40,Night,25.2,21.0,87,1010.0,Partly Cloudy,33,10.0,3.6,347,NNW,0.0,0,0.0
Tirur,India,10.9,75.9167,2026-06-20 10:46,Day,28.9,32.6,70,1012.0,Partly Cloudy,44,10.0,3.6,191,SSW,0.0,0,7.3
Tirur,India,10.9,75.9167,2026-06-20 14:49,Day,29.5,33.0,65,1010.0,Sunny,23,10.0,11.5,264,W,0.0,0,7.7
Tirur,India,10.9,75.9167,2026-06-20 17:27,Day,28.2,31.3,71,1009.0,Sunny,12,10.0,11.5,265,W,0.0,0,0.7
Tirur,India,10.9,75.9167,2026-06-20 19:53,Night,26.6,27.6,80,1011.0,Clear,18,10.0,6.5,260,W,0.0,0,0.0
Tirur,India,10.9,75.9167,2026-06-20 21:50,Night,26.6,27.5,88,1011.0,Patchy rain nearby,74,9.0,8.6,210,SSW,0.35,1,0.0
Tirur,India,10.9,75.9167,2026-06-20 23:44,Night,26.2,25.4,88,1012.0,Patchy rain nearby,88,10.0,6.5,205,SSW,0.04,1,0.0
Tirur,India,10.9,75.9167,2026-06-21 01:46,Night,26.0,24.7,88,1010.0,Patchy light drizzle,88,5.0,5.8,184,S,0.16,1,0.0
Tirur,India,10.9,75.9167,2026-06-21 03:40,Night,25.9,23.8,88,1010.0,Patchy rain nearby,58,10.0,5.0,188,S,0.02,1,0.0
Tirur,India,10.9,75.9167,2026-06-21 05:39,Night,25.6,22.8,88,1010.0,Patchy rain nearby,61,10.0,3.6,136,SE,0.12,1,0.0
Tirur,India,10.9,75.9167,2026-06-21 11:34,Day,29.2,33.7,73,1011.0,Patchy rain nearby,72,10.0,7.2,223,SW,0.13,1,9.8
Tirur,India,10.9,75.9167,2026-06-21 16:01,Day,29.2,33.7,72,1008.0,Patchy light drizzle,87,5.0,14.8,219,SW,0.45,1,4.6
Tirur,India,10.9,75.9167,2026-06-21 18:38,Day,26.6,27.5,85,1010.0,Light rain shower,73,10.0,14.8,258,W,2.08,1,0.0
Tirur,India,10.9,75.9167,2026-06-21 21:24,Night,25.7,21.8,89,1012.0,Light rain,90,9.0,13.0,290,WNW,2.29,1,0.0
Tirur,India,10.9,75.9167,2026-06-21 23:11,Night,25.7,21.7,89,1011.0,Light rain shower,71,10.0,13.7,303,NW,2.39,1,0.0
Tirur,India,10.9,75.9167,2026-06-22 01:15,Night,25.2,19.8,91,1010.0,Moderate rain,79,7.0,11.9,311,NW,2.84,1,0.0
Tirur,India,10.9,75.9167,2026-06-22 02:46,Night,25.5,22.7,87,1010.0,Partly Cloudy,33,10.0,3.6,283,WNW,0.0,0,0.0
Tirur,India,10.9,75.9167,2026-06-22 04:46,Night,25.3,21.8,88,1010.0,Patchy rain nearby,73,10.0,3.6,205,SSW,0.02,1,0.0
Tirur,India,10.9,75.9167,2026-06-22 10:11,Day,28.9,33.0,72,1012.0,Light rain shower,61,10.0,5.8,242,WSW,0.26,1,8.6
